,Source,eType,Target,Time,Weight,SourceLocation,TargetLocation,SourceLatitude,SourceLongitude,TargetLatitude,TargetLongitude,Source_NodeType,Target_NodeType
0,563211,4,564798,-732727926,0.0188679,,,,,,,1,3
1,563211,4,627390,-496596726,0.2,,,,,,,1,3
2,563211,4,561114,-277745526,0.25,,,,,,,1,3
3,541017,4,601492,-64423926,0.142857,,,,,,,1,3
4,572413,1,629627,1296000,1.0,4.0,4.0,-2.24962,-165.651,-1.16067,-162.983,1,1
5,572413,1,505965,1302571,1.0,4.0,4.0,-2.24962,-165.651,-3.88606,-166.186,1,1
6,505965,0,629627,1308663,1.0,,,,,,,1,1
7,572413,1,505965,1316274,1.0,4.0,4.0,-2.24962,-165.651,-3.88606,-166.186,1,1
8,629627,1,515794,1316615,1.0,4.0,4.0,-1.16067,-162.983,6.71518,-165.251,1,1
9,505965,0,515794,1325061,1.0,,,,,,,1,1
10,572413,1,629627,1336641,1.0,4.0,4.0,-2.24962,-165.651,-1.16067,-162.983,1,1
11,572413,1,515794,1355121,1.0,4.0,4.0,-2.24962,-165.651,6.71518,-165.251,1,1
12,515794,1,505965,1360796,1.0,4.0,4.0,6.71518,-165.251,-3.88606,-166.186,1,1
13,515794,1,505965,1368519,1.0,4.0,4.0,6.71518,-165.251,-3.88606,-166.186,1,1
14,572413,1,505965,1368710,1.0,4.0,4.0,-2.24962,-165.651,-3.88606,-166.186,1,1
15,505965,0,515794,1372640,1.0,,,,,,,1,1
16,572413,1,515794,1380370,1.0,4.0,4.0,-2.24962,-165.651,6.71518,-165.251,1,1
17,505965,0,515794,1431512,1.0,,,,,,,1,1
18,629627,1,515794,1466354,1.0,4.0,4.0,-1.16067,-162.983,6.71518,-165.251,1,1
19,572413,1,505965,1475513,1.0,4.0,4.0,-2.24962,-165.651,-3.88606,-166.186,1,1
20,515794,1,505965,1477390,1.0,4.0,4.0,6.71518,-165.251,-3.88606,-166.186,1,1
21,572413,1,629627,1503450,1.0,4.0,4.0,-2.24962,-165.651,-1.16067,-162.983,1,1
22,515794,1,629627,1518265,1.0,4.0,4.0,6.71518,-165.251,-1.16067,-162.983,1,1
23,515794,1,505965,1532336,1.0,4.0,4.0,6.71518,-165.251,-3.88606,-166.186,1,1
24,505965,0,629627,1538449,1.0,,,,,,,1,1
25,515794,0,629627,1578355,1.0,,,,,,,1,1
26,515794,0,505965,1589475,1.0,,,,,,,1,1
27,515794,1,629627,1609697,1.0,4.0,4.0,6.71518,-165.251,-1.16067,-162.983,1,1
28,515794,0,505965,1630374,1.0,,,,,,,1,1
29,515794,0,629627,1637146,1.0,,,,,,,1,1
30,515794,0,629627,1651736,1.0,,,,,,,1,1
31,572413,1,515794,1669897,1.0,4.0,4.0,-2.24962,-165.651,6.71518,-165.251,1,1
32,515794,0,629627,1679456,1.0,,,,,,,1,1
33,572413,1,505965,1692111,1.0,4.0,4.0,-2.24962,-165.651,-3.88606,-166.186,1,1
34,505965,0,515794,1692798,1.0,,,,,,,1,1
35,572413,1,629627,1695281,1.0,4.0,4.0,-2.24962,-165.651,-1.16067,-162.983,1,1
36,505965,0,515794,1720161,1.0,,,,,,,1,1
37,572413,1,515794,1732391,1.0,4.0,4.0,-2.24962,-165.651,6.71518,-165.251,1,1
38,515794,0,505965,1732586,1.0,,,,,,,1,1
39,515794,1,629627,1733739,1.0,4.0,4.0,6.71518,-165.251,-1.16067,-162.983,1,1
40,572413,1,505965,1736351,1.0,4.0,4.0,-2.24962,-165.651,-3.88606,-166.186,1,1
41,505965,0,629627,1758690,1.0,,,,,,,1,1
42,629627,1,505965,1779937,1.0,4.0,4.0,-1.16067,-162.983,-3.88606,-166.186,1,1
43,515794,0,505965,1791802,1.0,,,,,,,1,1
44,505965,0,629627,1797636,1.0,,,,,,,1,1
45,629627,1,515794,1804143,1.0,4.0,4.0,-1.16067,-162.983,6.71518,-165.251,1,1
46,515794,1,629627,1810012,1.0,4.0,4.0,6.71518,-165.251,-1.16067,-162.983,1,1
47,505965,0,629627,1817071,1.0,,,,,,,1,1
48,572413,1,629627,1821154,1.0,4.0,4.0,-2.24962,-165.651,-1.16067,-162.983,1,1
49,572413,1,629627,1830463,1.0,4.0,4.0,-2.24962,-165.651,-1.16067,-162.983,1,1
50,572413,1,505965,1844074,1.0,4.0,4.0,-2.24962,-165.651,-3.88606,-166.186,1,1
51,572413,1,505965,1873199,1.0,4.0,4.0,-2.24962,-165.651,-3.88606,-166.186,1,1
52,541017,0,563211,1982342,1.0,,,,,,,1,1
53,585212,1,563211,2213247,1.0,4.0,1.0,5.62833,-161.113,-27.3353,-18.2227,1,1
54,541017,1,629627,2381635,1.0,1.0,4.0,-29.4524,-13.6491,-1.16067,-162.983,1,1
55,585212,1,541017,2457218,1.0,4.0,1.0,5.62833,-161.113,-29.4524,-13.6491,1,1
56,585212,1,599441,2507087,1.0,4.0,4.0,5.62833,-161.113,2.74785,-162.275,1,1
57,541017,1,563211,2585350,1.0,1.0,1.0,-29.4524,-13.6491,-27.3353,-18.2227,1,1
58,599441,0,527597,2746226,1.0,,,,,,,1,1
59,582851,1,541017,2875591,1.0,1.0,1.0,-26.6688,-7.31949,-29.4524,-13.6491,1,1
60,629627,0,585212,2950741,1.0,,,,,,,1,1
61,599441,0,534034,3023537,1.0,,,,,,,1,1
62,527597,0,563211,3050236,1.0,,,,,,,1,1
63,582851,1,527597,3110367,1.0,1.0,1.0,-26.6688,-7.31949,-27.555,-13.373,1,1
64,599441,0,629627,3153653,1.0,,,,,,,1,1
65,582851,1,585212,3225713,1.0,1.0,4.0,-26.6688,-7.31949,5.62833,-161.113,1,1
66,629627,0,582851,3409195,1.0,,,,,,,1,1
67,582851,1,563211,3422276,1.0,1.0,1.0,-26.6688,-7.31949,-27.3353,-18.2227,1,1
68,541017,1,563211,3502862,1.0,1.0,1.0,-29.4524,-13.6491,-27.3353,-18.2227,1,1
69,629627,0,599441,3581012,1.0,,,,,,,1,1
70,563211,0,585212,4177530,1.0,,,,,,,1,1
71,534034,0,629627,4287760,1.0,,,,,,,1,1
72,541017,0,527597,4424230,1.0,,,,,,,1,1
73,629627,0,585212,4440724,1.0,,,,,,,1,1
74,629627,0,527597,4555568,1.0,,,,,,,1,1
75,527597,0,534034,4752011,1.0,,,,,,,1,1
76,629627,0,599441,4819651,1.0,,,,,,,1,1
77,644830,0,585212,4940501,1.0,,,,,,,1,1
78,527597,1,585212,4954955,1.0,1.0,4.0,-27.555,-13.373,5.62833,-161.113,1,1
79,644830,0,488928,4992132,1.0,,,,,,,1,1
80,527597,1,585212,5005411,1.0,1.0,4.0,-27.555,-13.373,5.62833,-161.113,1,1
81,527597,0,599441,5032573,1.0,,,,,,,1,1
82,534034,0,629627,5150002,1.0,,,,,,,1,1
83,541017,0,599441,5179013,1.0,,,,,,,1,1
84,527597,0,629627,5254924,1.0,,,,,,,1,1
85,541017,1,629627,5393531,1.0,1.0,4.0,-29.4524,-13.6491,-1.16067,-162.983,1,1
86,527597,0,585212,5573115,1.0,,,,,,,1,1
87,585212,0,644830,5573577,1.0,,,,,,,1,1
88,488928,0,585212,5720004,1.0,,,,,,,1,1
89,527597,1,534034,5742927,1.0,1.0,4.0,-27.555,-13.373,0.486228,-168.472,1,1
90,599441,0,585212,5814474,1.0,,,,,,,1,1
91,585212,0,644830,5870257,1.0,,,,,,,1,1
92,585212,0,488928,5876469,1.0,,,,,,,1,1
93,534034,0,585212,5906427,1.0,,,,,,,1,1
94,644830,0,488928,5932656,1.0,,,,,,,1,1
95,585212,1,629627,5992930,1.0,4.0,4.0,5.62833,-161.113,-1.16067,-162.983,1,1
96,488928,0,585212,6002958,1.0,,,,,,,1,1
97,527597,1,599441,6010507,1.0,1.0,4.0,-27.555,-13.373,2.74785,-162.275,1,1
98,644830,0,585212,6015112,1.0,,,,,,,1,1
99,585212,0,488928,6226591,1.0,,,,,,,1,1
100,585212,0,488928,6272425,1.0,,,,,,,1,1
101,582851,1,629627,6341437,1.0,1.0,4.0,-26.6688,-7.31949,-1.16067,-162.983,1,1
102,488928,0,585212,6359006,1.0,,,,,,,1,1
103,527597,1,563211,6384799,1.0,1.0,1.0,-27.555,-13.373,-27.3353,-18.2227,1,1
104,585212,1,629627,6426720,1.0,4.0,4.0,5.62833,-161.113,-1.16067,-162.983,1,1
105,541017,0,585212,6443424,1.0,,,,,,,1,1
106,629627,0,534034,6598227,1.0,,,,,,,1,1
107,585212,1,563211,6616656,1.0,4.0,1.0,5.62833,-161.113,-27.3353,-18.2227,1,1
108,488928,0,585212,6703224,1.0,,,,,,,1,1
109,585212,0,644830,6733654,1.0,,,,,,,1,1
110,527597,1,585212,6751549,1.0,1.0,4.0,-27.555,-13.373,5.62833,-161.113,1,1
111,585212,1,599441,6784532,1.0,4.0,4.0,5.62833,-161.113,2.74785,-162.275,1,1
112,644830,0,585212,6821216,1.0,,,,,,,1,1
113,541017,0,585212,6864201,1.0,,,,,,,1,1
114,599441,0,582851,6878154,1.0,,,,,,,1,1
115,585212,0,488928,6941544,1.0,,,,,,,1,1
116,527597,1,582851,6944750,1.0,1.0,1.0,-27.555,-13.373,-26.6688,-7.31949,1,1
117,644830,0,488928,7096778,1.0,,,,,,,1,1
118,585212,1,563211,7097908,1.0,4.0,1.0,5.62833,-161.113,-27.3353,-18.2227,1,1
119,488928,0,585212,7127283,1.0,,,,,,,1,1
120,582851,1,563211,7191426,1.0,1.0,1.0,-26.6688,-7.31949,-27.3353,-18.2227,1,1
121,644830,0,488928,7243181,1.0,,,,,,,1,1
122,527597,1,582851,7261450,1.0,1.0,1.0,-27.555,-13.373,-26.6688,-7.31949,1,1
123,541017,0,527597,7359754,1.0,,,,,,,1,1
124,527597,1,582851,7388590,1.0,1.0,1.0,-27.555,-13.373,-26.6688,-7.31949,1,1
125,585212,0,644830,7489945,1.0,,,,,,,1,1
126,527597,1,585212,7574087,1.0,1.0,4.0,-27.555,-13.373,5.62833,-161.113,1,1
127,541017,0,629627,7693360,1.0,,,,,,,1,1
128,585212,0,488928,7808131,1.0,,,,,,,1,1
129,541017,1,563211,7818079,1.0,1.0,1.0,-29.4524,-13.6491,-27.3353,-18.2227,1,1
130,563211,0,527597,7969021,1.0,,,,,,,1,1
131,599441,0,585212,8043145,1.0,,,,,,,1,1
132,563211,0,534034,8102282,1.0,,,,,,,1,1
133,644830,0,488928,8127107,1.0,,,,,,,1,1
134,585212,1,534034,8142014,1.0,4.0,4.0,5.62833,-161.113,0.486228,-168.472,1,1
135,541017,1,582851,8167759,1.0,1.0,1.0,-29.4524,-13.6491,-26.6688,-7.31949,1,1
136,629627,0,527597,8168946,1.0,,,,,,,1,1
137,541017,0,527597,8294685,1.0,,,,,,,1,1
138,629627,0,563211,8357396,1.0,,,,,,,1,1
139,582851,1,563211,8376183,1.0,1.0,1.0,-26.6688,-7.31949,-27.3353,-18.2227,1,1
140,541017,0,629627,8433984,1.0,,,,,,,1,1
141,585212,0,644830,8441674,1.0,,,,,,,1,1
142,527597,1,582851,8458432,1.0,1.0,1.0,-27.555,-13.373,-26.6688,-7.31949,1,1
143,534034,0,527597,8544418,1.0,,,,,,,1,1
144,541017,1,599441,8615406,1.0,1.0,4.0,-29.4524,-13.6491,2.74785,-162.275,1,1
145,541017,0,585212,8653188,1.0,,,,,,,1,1
146,563211,0,629627,8711294,1.0,,,,,,,1,1
147,585212,1,534034,8850337,1.0,4.0,4.0,5.62833,-161.113,0.486228,-168.472,1,1
148,585212,0,644830,8855927,1.0,,,,,,,1,1
149,585212,1,629627,8905092,1.0,4.0,4.0,5.62833,-161.113,-1.16067,-162.983,1,1
150,585212,0,644830,9240893,1.0,,,,,,,1,1
151,644830,0,488928,9286158,1.0,,,,,,,1,1
152,629627,0,582851,9386339,1.0,,,,,,,1,1
153,527597,0,534034,9397663,1.0,,,,,,,1,1
154,563211,0,527597,9409176,1.0,,,,,,,1,1
155,527597,0,585212,9503440,1.0,,,,,,,1,1
156,629627,0,599441,9689806,1.0,,,,,,,1,1
157,599441,0,541017,9862807,1.0,,,,,,,1,1
158,527597,0,541017,9879345,1.0,,,,,,,1,1
159,541017,1,582851,9921458,1.0,1.0,1.0,-29.4524,-13.6491,-26.6688,-7.31949,1,1
160,629627,0,534034,9960277,1.0,,,,,,,1,1
161,582851,1,541017,10089293,1.0,1.0,1.0,-26.6688,-7.31949,-29.4524,-13.6491,1,1
162,585212,0,644830,10304971,1.0,,,,,,,1,1
163,582851,1,585212,10332671,1.0,1.0,4.0,-26.6688,-7.31949,5.62833,-161.113,1,1
164,644830,0,488928,10363238,1.0,,,,,,,1,1
165,602912,0,534449,10436141,1.0,,,,,,,1,1
166,515794,0,505965,10449234,1.0,,,,,,,1,1
167,629627,1,534449,10475109,1.0,4.0,2.0,-1.16067,-162.983,-24.0127,90.9734,1,1
168,477138,0,515794,10491217,1.0,,,,,,,1,1
169,544615,0,629627,10545616,1.0,,,,,,,1,1
170,515794,1,477138,10564216,1.0,4.0,3.0,6.71518,-165.251,-24.7171,-111.474,1,1
171,527597,0,582851,10574943,1.0,,,,,,,1,1
172,505965,1,639051,10582812,1.0,4.0,3.0,-3.88606,-166.186,-25.422,-111.678,1,1
173,477138,0,544615,10584513,1.0,,,,,,,1,1
174,534449,0,505965,10591475,1.0,,,,,,,1,1
175,544615,0,639051,10626591,1.0,,,,,,,1,1
176,572413,0,602912,10643744,1.0,,,,,,,1,1
177,515794,0,534449,10682653,1.0,,,,,,,1,1
178,602912,0,515794,10708046,1.0,,,,,,,1,1
179,599441,0,534034,10719247,1.0,,,,,,,1,1
180,602912,0,639051,10738685,1.0,,,,,,,1,1
181,582851,1,527597,10744257,1.0,1.0,1.0,-26.6688,-7.31949,-27.555,-13.373,1,1
182,582851,1,541017,10754288,1.0,1.0,1.0,-26.6688,-7.31949,-29.4524,-13.6491,1,1
183,582851,1,585212,10779478,1.0,1.0,4.0,-26.6688,-7.31949,5.62833,-161.113,1,1
184,544615,0,477138,10787213,1.0,,,,,,,1,1
185,572413,0,477138,10788656,1.0,,,,,,,1,1
186,572413,0,629627,10827522,1.0,,,,,,,1,1
187,644830,0,488928,10857107,1.0,,,,,,,1,1
188,602912,0,477138,10874051,1.0,,,,,,,1,1
189,541017,0,582851,10900665,1.0,,,,,,,1,1
190,602912,1,544615,10901482,1.0,1.0,2.0,-28.3801,-9.46184,-20.6565,91.7841,1,1
191,602912,0,629627,10927260,1.0,,,,,,,1,1
192,629627,1,477138,10934479,1.0,4.0,3.0,-1.16067,-162.983,-24.7171,-111.474,1,1
193,515794,0,602912,10952497,1.0,,,,,,,1,1
194,644830,0,488928,10963849,1.0,,,,,,,1,1
195,629627,1,515794,10965136,1.0,4.0,4.0,-1.16067,-162.983,6.71518,-165.251,1,1
196,644830,0,488928,10976634,1.0,,,,,,,1,1
197,477138,0,629627,11065871,1.0,,,,,,,1,1
198,541017,1,599441,11074863,1.0,1.0,4.0,-29.4524,-13.6491,2.74785,-162.275,1,1
199,534034,0,582851,11100226,1.0,,,,,,,1,1
200,505965,1,515794,11211138,1.0,4.0,4.0,-3.88606,-166.186,6.71518,-165.251,1,1
201,477138,0,639051,11259863,1.0,,,,,,,1,1
202,629627,0,563211,11287622,1.0,,,,,,,1,1
203,527597,0,541017,11293594,1.0,,,,,,,1,1
204,602912,1,534449,11319504,1.0,1.0,2.0,-28.3801,-9.46184,-24.0127,90.9734,1,1
205,505965,1,602912,11345084,1.0,4.0,1.0,-3.88606,-166.186,-28.3801,-9.46184,1,1
206,544615,0,639051,11361079,1.0,,,,,,,1,1
207,505965,1,544615,11376309,1.0,4.0,2.0,-3.88606,-166.186,-20.6565,91.7841,1,1
208,544615,0,639051,11398887,1.0,,,,,,,1,1
209,477138,0,534449,11457565,1.0,,,,,,,1,1
210,644830,0,585212,11489905,1.0,,,,,,,1,1
211,602912,0,515794,11521391,1.0,,,,,,,1,1
212,477138,0,544615,11577935,1.0,,,,,,,1,1
213,602912,0,515794,11595165,1.0,,,,,,,1,1
214,505965,1,534449,11595270,1.0,4.0,2.0,-3.88606,-166.186,-24.0127,90.9734,1,1
215,602912,0,629627,11618838,1.0,,,,,,,1,1
216,629627,1,639051,11628219,1.0,4.0,3.0,-1.16067,-162.983,-25.422,-111.678,1,1
217,572413,0,639051,11691816,1.0,,,,,,,1,1
218,515794,1,602912,11699884,1.0,4.0,1.0,6.71518,-165.251,-28.3801,-9.46184,1,1
219,602912,0,477138,11710502,1.0,,,,,,,1,1
220,515794,1,544615,11803196,1.0,4.0,2.0,6.71518,-165.251,-20.6565,91.7841,1,1
221,602912,0,534449,11817324,1.0,,,,,,,1,1
222,629627,1,602912,11962409,1.0,4.0,1.0,-1.16067,-162.983,-28.3801,-9.46184,1,1
223,505965,1,534449,11964814,1.0,4.0,2.0,-3.88606,-166.186,-24.0127,90.9734,1,1
224,505965,1,515794,11971387,1.0,4.0,4.0,-3.88606,-166.186,6.71518,-165.251,1,1
225,629627,1,505965,11985154,1.0,4.0,4.0,-1.16067,-162.983,-3.88606,-166.186,1,1
226,572413,0,505965,12014363,1.0,,,,,,,1,1
227,572413,0,544615,12062090,1.0,,,,,,,1,1
228,515794,1,505965,12076559,1.0,4.0,4.0,6.71518,-165.251,-3.88606,-166.186,1,1
229,602912,0,639051,12091739,1.0,,,,,,,1,1
230,572413,0,515794,12141521,1.0,,,,,,,1,1
231,515794,0,602912,12160102,1.0,,,,,,,1,1
232,505965,1,602912,12173431,1.0,4.0,1.0,-3.88606,-166.186,-28.3801,-9.46184,1,1
233,602912,0,629627,12228391,1.0,,,,,,,1,1
234,477138,0,505965,12269767,1.0,,,,,,,1,1
235,515794,1,505965,12289830,1.0,4.0,4.0,6.71518,-165.251,-3.88606,-166.186,1,1
236,629627,0,505965,12338685,1.0,,,,,,,1,1
237,477138,0,515794,12405920,1.0,,,,,,,1,1
238,629627,1,544615,12408293,1.0,4.0,2.0,-1.16067,-162.983,-20.6565,91.7841,1,1
239,572413,0,602912,12410059,1.0,,,,,,,1,1
240,572413,0,505965,12414409,1.0,,,,,,,1,1
241,629627,1,544615,12440413,1.0,4.0,2.0,-1.16067,-162.983,-20.6565,91.7841,1,1
242,534449,0,629627,12455753,1.0,,,,,,,1,1
243,544615,0,534449,12484354,1.0,,,,,,,1,1
244,505965,1,602912,12523901,1.0,4.0,1.0,-3.88606,-166.186,-28.3801,-9.46184,1,1
245,505965,1,629627,12540115,1.0,4.0,4.0,-3.88606,-166.186,-1.16067,-162.983,1,1
246,505965,1,477138,12550059,1.0,4.0,3.0,-3.88606,-166.186,-24.7171,-111.474,1,1
247,544615,0,602912,12565287,1.0,,,,,,,1,1
248,585212,0,644830,12572672,1.0,,,,,,,1,1
249,515794,0,629627,12598153,1.0,,,,,,,1,1
250,572413,0,515794,12602602,1.0,,,,,,,1,1
251,515794,0,544615,12623593,1.0,,,,,,,1,1
252,515794,0,629627,12653558,1.0,,,,,,,1,1
253,572413,0,602912,12694819,1.0,,,,,,,1,1
254,515794,0,602912,12712662,1.0,,,,,,,1,1
255,544615,0,639051,12756923,1.0,,,,,,,1,1
256,572413,0,544615,12763657,1.0,,,,,,,1,1
257,602912,0,534449,12827754,1.0,,,,,,,1,1
258,644830,2,487668,13302589,958.0,,,,,,,1,2
259,585212,3,487668,13302589,958.0,,,,,,,1,2
260,644830,2,487668,14314933,213.0,,,,,,,1,2
261,585212,3,487668,14314933,213.0,,,,,,,1,2
262,585212,0,644830,14709092,1.0,,,,,,,1,1
263,585212,0,644830,15791166,1.0,,,,,,,1,1
264,644830,2,487668,15936004,276.0,,,,,,,1,2
265,585212,3,487668,15936004,276.0,,,,,,,1,2
266,644830,2,487668,16227037,245.0,,,,,,,1,2
267,585212,3,487668,16227037,245.0,,,,,,,1,2
268,585212,0,644830,16266273,1.0,,,,,,,1,1
269,644830,2,487668,17764060,213.0,,,,,,,1,2
270,585212,3,487668,17764060,213.0,,,,,,,1,2
271,644830,2,487668,18425192,581.0,,,,,,,1,2
272,585212,3,487668,18425192,581.0,,,,,,,1,2
273,585212,0,644830,18661695,1.0,,,,,,,1,1
274,585212,0,644830,18662380,1.0,,,,,,,1,1
275,644830,2,487668,20170502,209.0,,,,,,,1,2
276,585212,3,487668,20170502,209.0,,,,,,,1,2
277,477138,1,639051,20842531,1.0,3.0,3.0,-24.7171,-111.474,-25.422,-111.678,1,1
278,477138,1,639051,20906802,1.0,3.0,3.0,-24.7171,-111.474,-25.422,-111.678,1,1
279,639051,0,629627,21116196,1.0,,,,,,,1,1
280,629627,0,477138,21201625,1.0,,,,,,,1,1
281,477138,1,629627,21334033,1.0,3.0,4.0,-24.7171,-111.474,-1.16067,-162.983,1,1
282,629627,0,477138,21338033,1.0,,,,,,,1,1
283,639051,0,477138,21545376,1.0,,,,,,,1,1
284,639051,0,602912,21573712,1.0,,,,,,,1,1
285,639051,0,477138,21585601,1.0,,,,,,,1,1
286,602912,1,629627,21606175,1.0,1.0,4.0,-28.3801,-9.46184,-1.16067,-162.983,1,1
287,629627,1,602912,21618588,1.0,4.0,1.0,-1.16067,-162.983,-28.3801,-9.46184,1,1
288,639051,1,629627,21644066,1.0,3.0,4.0,-25.422,-111.678,-1.16067,-162.983,1,1
289,477138,1,602912,21656472,1.0,3.0,1.0,-24.7171,-111.474,-28.3801,-9.46184,1,1
290,639051,0,477138,21679563,1.0,,,,,,,1,1
291,639051,0,629627,21703598,1.0,,,,,,,1,1
292,639051,0,602912,21707171,1.0,,,,,,,1,1
293,477138,1,602912,21718939,1.0,3.0,1.0,-24.7171,-111.474,-28.3801,-9.46184,1,1
294,639051,0,477138,21760367,1.0,,,,,,,1,1
295,639051,0,629627,21807202,1.0,,,,,,,1,1
296,602912,0,477138,21819818,1.0,,,,,,,1,1
297,629627,1,602912,21898652,1.0,4.0,1.0,-1.16067,-162.983,-28.3801,-9.46184,1,1
298,629627,0,602912,21912550,1.0,,,,,,,1,1
299,629627,1,639051,21938489,1.0,4.0,3.0,-1.16067,-162.983,-25.422,-111.678,1,1
300,629627,1,602912,21955909,1.0,4.0,1.0,-1.16067,-162.983,-28.3801,-9.46184,1,1
301,639051,1,602912,21981600,1.0,3.0,1.0,-25.422,-111.678,-28.3801,-9.46184,1,1
302,629627,1,477138,22142162,1.0,4.0,3.0,-1.16067,-162.983,-24.7171,-111.474,1,1
303,602912,1,639051,22207707,1.0,1.0,3.0,-28.3801,-9.46184,-25.422,-111.678,1,1
304,477138,1,639051,22211417,1.0,3.0,3.0,-24.7171,-111.474,-25.422,-111.678,1,1
305,602912,1,629627,22247115,1.0,1.0,4.0,-28.3801,-9.46184,-1.16067,-162.983,1,1
306,639051,1,602912,22248020,1.0,3.0,1.0,-25.422,-111.678,-28.3801,-9.46184,1,1
307,629627,6,657173,22264074,3.0,3.0,1.0,-25.0,-111.0,-29.0,-13.0,1,5
308,639051,1,629627,22334784,1.0,3.0,4.0,-25.422,-111.678,-1.16067,-162.983,1,1
309,629627,6,625756,22350474,7.0,4.0,3.0,1.0,-165.0,-25.0,-111.0,1,5
310,477138,0,639051,22399630,1.0,,,,,,,1,1
311,629627,0,602912,22420882,1.0,,,,,,,1,1
312,639051,0,477138,22422133,1.0,,,,,,,1,1
313,639051,0,477138,22451808,1.0,,,,,,,1,1
314,639051,0,629627,22462831,1.0,,,,,,,1,1
315,602912,1,639051,22475347,1.0,1.0,3.0,-28.3801,-9.46184,-25.422,-111.678,1,1
316,534034,6,657173,22523274,1.0,3.0,1.0,-25.0,-111.0,-29.0,-13.0,1,5
317,477138,0,602912,22530022,1.0,,,,,,,1,1
318,602912,0,477138,22531593,1.0,,,,,,,1,1
319,477138,1,629627,22536510,1.0,3.0,4.0,-24.7171,-111.474,-1.16067,-162.983,1,1
320,602912,0,477138,22554406,1.0,,,,,,,1,1
321,629627,0,639051,22576342,1.0,,,,,,,1,1
322,629627,0,639051,22663848,1.0,,,,,,,1,1
323,639051,1,477138,22665558,1.0,3.0,3.0,-25.422,-111.678,-24.7171,-111.474,1,1
324,602912,0,629627,22666112,1.0,,,,,,,1,1
325,602912,0,477138,22757505,1.0,,,,,,,1,1
326,477138,0,602912,22804809,1.0,,,,,,,1,1
327,602912,0,639051,22824279,1.0,,,,,,,1,1
328,602912,1,639051,22830587,1.0,1.0,3.0,-28.3801,-9.46184,-25.422,-111.678,1,1
329,602912,0,477138,22884475,1.0,,,,,,,1,1
330,629627,0,639051,22934478,1.0,,,,,,,1,1
331,629627,0,639051,22943918,1.0,,,,,,,1,1
332,477138,1,602912,22975397,1.0,3.0,1.0,-24.7171,-111.474,-28.3801,-9.46184,1,1
333,629627,1,602912,22997872,1.0,4.0,1.0,-1.16067,-162.983,-28.3801,-9.46184,1,1
334,629627,0,477138,23012151,1.0,,,,,,,1,1
335,602912,0,629627,23034767,1.0,,,,,,,1,1
336,629627,0,639051,23096951,1.0,,,,,,,1,1
337,639051,0,477138,23115416,1.0,,,,,,,1,1
338,477138,0,602912,23174900,1.0,,,,,,,1,1
339,639051,0,477138,23185940,1.0,,,,,,,1,1
340,534034,6,625756,23214474,5.0,4.0,3.0,1.0,-165.0,-25.0,-111.0,1,5
341,639051,0,602912,23246868,1.0,,,,,,,1,1
342,477138,0,629627,23248867,1.0,,,,,,,1,1
343,477138,0,629627,23282119,1.0,,,,,,,1,1
344,639051,1,629627,23282608,1.0,3.0,4.0,-25.422,-111.678,-1.16067,-162.983,1,1
345,477138,1,639051,23301338,1.0,3.0,3.0,-24.7171,-111.474,-25.422,-111.678,1,1
346,639051,1,477138,23309100,1.0,3.0,3.0,-25.422,-111.678,-24.7171,-111.474,1,1
347,639051,1,629627,23328537,1.0,3.0,4.0,-25.422,-111.678,-1.16067,-162.983,1,1
348,477138,1,629627,23329146,1.0,3.0,4.0,-24.7171,-111.474,-1.16067,-162.983,1,1
349,477138,1,602912,23336361,1.0,3.0,1.0,-24.7171,-111.474,-28.3801,-9.46184,1,1
350,639051,1,477138,23345203,1.0,3.0,3.0,-25.422,-111.678,-24.7171,-111.474,1,1
351,639051,0,629627,23357281,1.0,,,,,,,1,1
352,599441,6,657173,23387274,3.0,3.0,1.0,-25.0,-111.0,-29.0,-13.0,1,5
353,477138,1,639051,23387824,1.0,3.0,3.0,-24.7171,-111.474,-25.422,-111.678,1,1
354,639051,0,629627,23439733,1.0,,,,,,,1,1
355,477138,1,639051,23493997,1.0,3.0,3.0,-24.7171,-111.474,-25.422,-111.678,1,1
356,602912,0,629627,23510059,1.0,,,,,,,1,1
357,629627,1,639051,23555844,1.0,4.0,3.0,-1.16067,-162.983,-25.422,-111.678,1,1
358,602912,0,629627,23591447,1.0,,,,,,,1,1
359,629627,0,639051,23613478,1.0,,,,,,,1,1
360,629627,0,639051,23636603,1.0,,,,,,,1,1
361,585212,6,625756,23646474,5.0,4.0,3.0,1.0,-165.0,-25.0,-111.0,1,5
362,639051,0,629627,23700163,1.0,,,,,,,1,1
363,639051,0,477138,23764735,1.0,,,,,,,1,1
364,629627,1,477138,23795795,1.0,4.0,3.0,-1.16067,-162.983,-24.7171,-111.474,1,1
365,639051,1,629627,23822681,1.0,3.0,4.0,-25.422,-111.678,-1.16067,-162.983,1,1
366,629627,1,602912,23842037,1.0,4.0,1.0,-1.16067,-162.983,-28.3801,-9.46184,1,1
367,629627,1,477138,23881840,1.0,4.0,3.0,-1.16067,-162.983,-24.7171,-111.474,1,1
368,629627,0,639051,23885449,1.0,,,,,,,1,1
369,599441,6,625756,23905674,2.0,4.0,3.0,1.0,-165.0,-25.0,-111.0,1,5
370,639051,0,477138,24039351,1.0,,,,,,,1,1
371,477138,1,629627,24088607,1.0,3.0,4.0,-24.7171,-111.474,-1.16067,-162.983,1,1
372,477138,1,629627,24287043,1.0,3.0,4.0,-24.7171,-111.474,-1.16067,-162.983,1,1
373,629627,0,477138,24303471,1.0,,,,,,,1,1
374,477138,1,639051,24308317,1.0,3.0,3.0,-24.7171,-111.474,-25.422,-111.678,1,1
375,629627,0,639051,24390893,1.0,,,,,,,1,1
376,629627,1,534449,25070537,1.0,4.0,2.0,-1.16067,-162.983,-24.0127,90.9734,1,1
377,572413,0,629627,25077063,1.0,,,,,,,1,1
378,572413,0,505965,25078145,1.0,,,,,,,1,1
379,629627,1,515794,25080322,1.0,4.0,4.0,-1.16067,-162.983,6.71518,-165.251,1,1
380,505965,0,629627,25080457,1.0,,,,,,,1,1
381,505965,0,515794,25082206,1.0,,,,,,,1,1
382,629627,1,515794,25082444,1.0,4.0,4.0,-1.16067,-162.983,6.71518,-165.251,1,1
383,505965,0,515794,25083330,1.0,,,,,,,1,1
384,629627,1,505965,25085370,1.0,4.0,4.0,-1.16067,-162.983,-3.88606,-166.186,1,1
385,629627,1,515794,25088201,1.0,4.0,4.0,-1.16067,-162.983,6.71518,-165.251,1,1
386,572413,0,629627,25088973,1.0,,,,,,,1,1
387,629627,1,505965,25090157,1.0,4.0,4.0,-1.16067,-162.983,-3.88606,-166.186,1,1
388,505965,0,515794,25090730,1.0,,,,,,,1,1
389,572413,0,505965,25096246,1.0,,,,,,,1,1
390,629627,1,505965,25096422,1.0,4.0,4.0,-1.16067,-162.983,-3.88606,-166.186,1,1
391,629627,1,505965,25096676,1.0,4.0,4.0,-1.16067,-162.983,-3.88606,-166.186,1,1
392,629627,1,515794,25099662,1.0,4.0,4.0,-1.16067,-162.983,6.71518,-165.251,1,1
393,572413,0,629627,25102198,1.0,,,,,,,1,1
394,515794,0,505965,25106307,1.0,,,,,,,1,1
395,585212,6,509607,25115274,6.0,2.0,4.0,-22.0,91.0,1.0,-165.0,1,5
396,572413,0,515794,25119654,1.0,,,,,,,1,1
397,505965,0,515794,25120036,1.0,,,,,,,1,1
398,629627,0,505965,25122396,1.0,,,,,,,1,1
399,629627,0,515794,25124906,1.0,,,,,,,1,1
400,534449,0,544615,25126176,1.0,,,,,,,1,1
401,629627,1,534449,25126426,1.0,4.0,2.0,-1.16067,-162.983,-24.0127,90.9734,1,1
402,629627,0,505965,25127032,1.0,,,,,,,1,1
403,629627,0,505965,25127974,1.0,,,,,,,1,1
404,629627,1,505965,25128416,1.0,4.0,4.0,-1.16067,-162.983,-3.88606,-166.186,1,1
405,629627,1,505965,25129688,1.0,4.0,4.0,-1.16067,-162.983,-3.88606,-166.186,1,1
406,629627,0,515794,25129964,1.0,,,,,,,1,1
407,572413,0,505965,25130068,1.0,,,,,,,1,1
408,572413,0,505965,25135544,1.0,,,,,,,1,1
409,505965,0,629627,25138706,1.0,,,,,,,1,1
410,505965,0,515794,25138948,1.0,,,,,,,1,1
411,505965,0,629627,25139645,1.0,,,,,,,1,1
412,505965,0,629627,25139950,1.0,,,,,,,1,1
413,629627,1,515794,25142976,1.0,4.0,4.0,-1.16067,-162.983,6.71518,-165.251,1,1
414,629627,1,505965,25145869,1.0,4.0,4.0,-1.16067,-162.983,-3.88606,-166.186,1,1
415,515794,0,629627,25150110,1.0,,,,,,,1,1
416,572413,0,515794,25150124,1.0,,,,,,,1,1
417,629627,1,534449,25152027,1.0,4.0,2.0,-1.16067,-162.983,-24.0127,90.9734,1,1
418,505965,0,629627,25153698,1.0,,,,,,,1,1
419,505965,0,629627,25154779,1.0,,,,,,,1,1
420,544615,0,534449,25156869,1.0,,,,,,,1,1
421,534449,1,544615,25157304,1.0,2.0,2.0,-24.0127,90.9734,-20.6565,91.7841,1,1
422,534449,0,629627,25165451,1.0,,,,,,,1,1
423,534449,1,629627,25169659,1.0,2.0,4.0,-24.0127,90.9734,-1.16067,-162.983,1,1
424,629627,1,544615,25237137,1.0,4.0,2.0,-1.16067,-162.983,-20.6565,91.7841,1,1
425,534449,0,629627,25271522,1.0,,,,,,,1,1
426,534449,1,629627,25295649,1.0,2.0,4.0,-24.0127,90.9734,-1.16067,-162.983,1,1
427,534449,1,629627,25297793,1.0,2.0,4.0,-24.0127,90.9734,-1.16067,-162.983,1,1
428,544615,0,629627,25301697,1.0,,,,,,,1,1
429,544615,0,629627,25342520,1.0,,,,,,,1,1
430,534449,0,544615,25374490,1.0,,,,,,,1,1
431,544615,0,629627,25401849,1.0,,,,,,,1,1
432,534449,1,629627,25414057,1.0,2.0,4.0,-24.0127,90.9734,-1.16067,-162.983,1,1
433,534449,0,544615,25414331,1.0,,,,,,,1,1
434,534449,0,629627,25436062,1.0,,,,,,,1,1
435,544615,0,534449,25483276,1.0,,,,,,,1,1
436,629627,1,544615,25513507,1.0,4.0,2.0,-1.16067,-162.983,-20.6565,91.7841,1,1
437,629627,1,534449,25576317,1.0,4.0,2.0,-1.16067,-162.983,-24.0127,90.9734,1,1
438,534449,1,629627,25588871,1.0,2.0,4.0,-24.0127,90.9734,-1.16067,-162.983,1,1
439,534034,6,499467,25633674,1.0,1.0,2.0,-29.0,-13.0,-22.0,91.0,1,5
440,585212,6,499467,25633674,1.0,1.0,2.0,-29.0,-13.0,-22.0,91.0,1,5
441,534449,0,544615,25671680,1.0,,,,,,,1,1
442,534449,1,544615,25697695,1.0,2.0,2.0,-24.0127,90.9734,-20.6565,91.7841,1,1
443,534449,1,629627,25701216,1.0,2.0,4.0,-24.0127,90.9734,-1.16067,-162.983,1,1
444,629627,6,499467,25720074,1.0,1.0,2.0,-29.0,-13.0,-22.0,91.0,1,5
445,534034,6,509607,25720074,1.0,2.0,4.0,-22.0,91.0,1.0,-165.0,1,5
446,534449,1,629627,25731350,1.0,2.0,4.0,-24.0127,90.9734,-1.16067,-162.983,1,1
447,534449,1,629627,25732566,1.0,2.0,4.0,-24.0127,90.9734,-1.16067,-162.983,1,1
448,544615,0,534449,25748798,1.0,,,,,,,1,1
449,629627,1,534449,25775624,1.0,4.0,2.0,-1.16067,-162.983,-24.0127,90.9734,1,1
450,544615,0,534449,25824899,1.0,,,,,,,1,1
451,534449,0,629627,25866331,1.0,,,,,,,1,1
452,629627,1,544615,25867283,1.0,4.0,2.0,-1.16067,-162.983,-20.6565,91.7841,1,1
453,534449,1,544615,25869591,1.0,2.0,2.0,-24.0127,90.9734,-20.6565,91.7841,1,1
454,629627,1,544615,25877029,1.0,4.0,2.0,-1.16067,-162.983,-20.6565,91.7841,1,1
455,534449,1,544615,25963428,1.0,2.0,2.0,-24.0127,90.9734,-20.6565,91.7841,1,1
456,534449,1,544615,25969258,1.0,2.0,2.0,-24.0127,90.9734,-20.6565,91.7841,1,1
457,599441,6,499467,25979274,1.0,1.0,2.0,-29.0,-13.0,-22.0,91.0,1,5
458,534449,1,629627,25982184,1.0,2.0,4.0,-24.0127,90.9734,-1.16067,-162.983,1,1
459,544615,0,534449,25995369,1.0,,,,,,,1,1
460,534449,1,544615,26004350,1.0,2.0,2.0,-24.0127,90.9734,-20.6565,91.7841,1,1
461,534449,1,629627,26069795,1.0,2.0,4.0,-24.0127,90.9734,-1.16067,-162.983,1,1
462,544615,0,534449,26094730,1.0,,,,,,,1,1
463,629627,6,509607,26152074,2.0,2.0,4.0,-22.0,91.0,1.0,-165.0,1,5
464,544615,0,534449,26191809,1.0,,,,,,,1,1
465,599441,6,509607,26238474,5.0,2.0,4.0,-22.0,91.0,1.0,-165.0,1,5
466,534449,0,544615,26269047,1.0,,,,,,,1,1
467,534449,0,544615,26277178,1.0,,,,,,,1,1
468,572391,6,509607,26584074,4.0,2.0,4.0,-22.0,91.0,1.0,-165.0,1,5
469,542965,6,509607,26756874,2.0,2.0,4.0,-22.0,91.0,1.0,-165.0,1,5
470,635665,6,625756,27793674,4.0,0.0,3.0,33.0,-41.0,-25.0,-111.0,1,5
471,538892,6,509607,28225674,3.0,2.0,4.0,-22.0,91.0,1.0,-165.0,1,5
472,464459,6,625756,28312074,4.0,0.0,3.0,33.0,-41.0,-25.0,-111.0,1,5
473,568093,6,499467,28657674,5.0,3.0,2.0,-25.0,-111.0,-22.0,91.0,1,5
474,568093,6,625756,29089674,2.0,0.0,3.0,33.0,-41.0,-25.0,-111.0,1,5
475,635665,6,499467,29262474,3.0,3.0,2.0,-25.0,-111.0,-22.0,91.0,1,5
476,464459,6,499467,29780874,5.0,3.0,2.0,-25.0,-111.0,-22.0,91.0,1,5
477,604021,5,630626,31536000,2258.44,,,,,,,1,4
478,604021,5,536346,31536000,561.5,,,,,,,1,4
479,510031,5,604021,31536000,113.92,,,,,,,4,1
480,604021,5,520660,31536000,881.17,,,,,,,1,4
481,552988,5,604021,31536000,7756.23,,,,,,,4,1
482,604021,5,527449,31536000,134.84,,,,,,,1,4
483,604021,5,459381,31536000,193.22,,,,,,,1,4
484,604021,5,595298,31536000,355.82,,,,,,,1,4
485,604021,5,466907,31536000,209.22,,,,,,,1,4
486,604021,5,577992,31536000,31.35,,,,,,,1,4
487,604021,5,580426,31536000,132.22,,,,,,,1,4
488,604021,5,595581,31536000,421.43,,,,,,,1,4
489,604021,5,616315,31536000,234.74,,,,,,,1,4
490,604021,5,503701,31536000,176.53,,,,,,,1,4
491,604021,5,571970,31536000,84.22,,,,,,,1,4
492,604021,5,644226,31536000,766.83,,,,,,,1,4
493,604021,5,632961,31536000,92.79,,,,,,,1,4
494,604021,5,473173,31536000,1234.6,,,,,,,1,4
495,604021,5,620120,31536000,473.95,,,,,,,1,4
496,604021,5,575030,31536000,1236.75,,,,,,,1,4
497,604021,5,621924,31536000,658.78,,,,,,,1,4
498,533094,5,640784,31536000,318.41,,,,,,,1,4
499,533094,5,630626,31536000,3402.76,,,,,,,1,4
500,533094,5,536346,31536000,285.79,,,,,,,1,4
501,510031,5,533094,31536000,26.94,,,,,,,4,1
502,533094,5,520660,31536000,2267.78,,,,,,,1,4
503,552988,5,533094,31536000,25708.9,,,,,,,4,1
504,533094,5,567195,31536000,1613.63,,,,,,,1,4
505,533094,5,527449,31536000,370.94,,,,,,,1,4
506,533094,5,459381,31536000,284.32,,,,,,,1,4
507,533094,5,595298,31536000,782.5,,,,,,,1,4
508,533094,5,466907,31536000,242.12,,,,,,,1,4
509,533094,5,577992,31536000,1395.87,,,,,,,1,4
510,533094,5,537281,31536000,497.09,,,,,,,1,4
511,533094,5,523927,31536000,1242.83,,,,,,,1,4
512,533094,5,616315,31536000,1332.94,,,,,,,1,4
513,533094,5,642329,31536000,148.27,,,,,,,1,4
514,533094,5,503701,31536000,2402.81,,,,,,,1,4
515,533094,5,571970,31536000,78.91,,,,,,,1,4
516,533094,5,644226,31536000,924.08,,,,,,,1,4
517,533094,5,632961,31536000,110.68,,,,,,,1,4
518,533094,5,473173,31536000,1348.11,,,,,,,1,4
519,533094,5,620120,31536000,5654.7,,,,,,,1,4
520,606043,5,630626,31536000,2361.75,,,,,,,1,4
521,606043,5,536346,31536000,499.47,,,,,,,1,4
522,510031,5,606043,31536000,22.11,,,,,,,4,1
523,606043,5,520660,31536000,1829.16,,,,,,,1,4
524,552988,5,606043,31536000,17608.3,,,,,,,4,1
525,606043,5,567195,31536000,373.74,,,,,,,1,4
526,606043,5,527449,31536000,52.3,,,,,,,1,4
527,606043,5,459381,31536000,288.2,,,,,,,1,4
528,606043,5,595298,31536000,520.41,,,,,,,1,4
529,606043,5,466907,31536000,412.72,,,,,,,1,4
530,606043,5,589943,31536000,1457.54,,,,,,,1,4
531,606043,5,577992,31536000,804.23,,,,,,,1,4
532,606043,5,523927,31536000,993.32,,,,,,,1,4
533,606043,5,595581,31536000,639.26,,,,,,,1,4
534,606043,5,616315,31536000,260.21,,,,,,,1,4
535,606043,5,571970,31536000,76.04,,,,,,,1,4
536,606043,5,644226,31536000,210.77,,,,,,,1,4
537,606043,5,632961,31536000,112.26,,,,,,,1,4
538,606043,5,473173,31536000,1067.92,,,,,,,1,4
539,606043,5,620120,31536000,2296.04,,,,,,,1,4
540,606043,5,575030,31536000,6003.36,,,,,,,1,4
541,595057,5,503218,31536000,206.77,,,,,,,1,4
542,595057,5,630626,31536000,1361.75,,,,,,,1,4
543,510031,5,595057,31536000,167.12,,,,,,,4,1
544,552988,5,595057,31536000,5705.36,,,,,,,4,1
545,595057,5,567195,31536000,97.02,,,,,,,1,4
546,595057,5,527449,31536000,99.71,,,,,,,1,4
547,595057,5,459381,31536000,337.97,,,,,,,1,4
548,595057,5,595298,31536000,419.67,,,,,,,1,4
549,595057,5,466907,31536000,272.56,,,,,,,1,4
550,595057,5,589943,31536000,561.93,,,,,,,1,4
551,595057,5,580426,31536000,28.62,,,,,,,1,4
552,595057,5,642329,31536000,273.79,,,,,,,1,4
553,595057,5,503701,31536000,913.8,,,,,,,1,4
554,595057,5,632961,31536000,129.16,,,,,,,1,4
555,595057,5,473173,31536000,855.02,,,,,,,1,4
556,595057,5,620120,31536000,863.35,,,,,,,1,4
557,595057,5,575030,31536000,4289.16,,,,,,,1,4
558,595057,5,621924,31536000,350.13,,,,,,,1,4
559,634181,5,630626,31536000,2609.07,,,,,,,1,4
560,634181,5,536346,31536000,800.36,,,,,,,1,4
561,634181,5,520660,31536000,2233.87,,,,,,,1,4
562,552988,5,634181,31536000,15174.5,,,,,,,4,1
563,634181,5,527449,31536000,184.39,,,,,,,1,4
564,634181,5,459381,31536000,267.63,,,,,,,1,4
565,634181,5,595298,31536000,299.54,,,,,,,1,4
566,634181,5,466907,31536000,469.3,,,,,,,1,4
567,634181,5,589943,31536000,729.69,,,,,,,1,4
568,634181,5,577992,31536000,1370.33,,,,,,,1,4
569,634181,5,523927,31536000,912.34,,,,,,,1,4
570,634181,5,580426,31536000,65.04,,,,,,,1,4
571,634181,5,595581,31536000,32.69,,,,,,,1,4
572,634181,5,642329,31536000,354.0,,,,,,,1,4
573,634181,5,503701,31536000,1164.48,,,,,,,1,4
574,634181,5,571970,31536000,47.31,,,,,,,1,4
575,634181,5,644226,31536000,811.15,,,,,,,1,4
576,634181,5,632961,31536000,402.65,,,,,,,1,4
577,634181,5,473173,31536000,228.04,,,,,,,1,4
578,634181,5,620120,31536000,3565.2,,,,,,,1,4
579,634181,5,575030,31536000,2201.95,,,,,,,1,4
580,548320,5,503218,31536000,479.23,,,,,,,1,4
581,548320,5,630626,31536000,1270.54,,,,,,,1,4
582,548320,5,536346,31536000,477.22,,,,,,,1,4
583,510031,5,548320,31536000,601.85,,,,,,,4,1
584,548320,5,520660,31536000,333.79,,,,,,,1,4
585,552988,5,548320,31536000,13557.0,,,,,,,4,1
586,548320,5,567195,31536000,878.46,,,,,,,1,4
587,548320,5,527449,31536000,64.15,,,,,,,1,4
588,548320,5,459381,31536000,340.62,,,,,,,1,4
589,548320,5,595298,31536000,1531.39,,,,,,,1,4
590,548320,5,466907,31536000,500.35,,,,,,,1,4
591,548320,5,606730,31536000,448.03,,,,,,,1,4
592,548320,5,537281,31536000,357.11,,,,,,,1,4
593,548320,5,523927,31536000,791.93,,,,,,,1,4
594,548320,5,595581,31536000,13.93,,,,,,,1,4
595,548320,5,616315,31536000,520.35,,,,,,,1,4
596,548320,5,642329,31536000,292.58,,,,,,,1,4
597,548320,5,503701,31536000,488.52,,,,,,,1,4
598,548320,5,571970,31536000,139.89,,,,,,,1,4
599,548320,5,644226,31536000,156.49,,,,,,,1,4
600,548320,5,632961,31536000,115.48,,,,,,,1,4
601,548320,5,473173,31536000,1123.42,,,,,,,1,4
602,548320,5,620120,31536000,1071.33,,,,,,,1,4
603,548320,5,575030,31536000,3982.11,,,,,,,1,4
604,548320,5,621924,31536000,575.08,,,,,,,1,4
605,505965,5,630626,31536000,3348.11,,,,,,,1,4
606,505965,5,536346,31536000,271.34,,,,,,,1,4
607,505965,5,520660,31536000,1221.26,,,,,,,1,4
608,552988,5,505965,31536000,9945.54,,,,,,,4,1
609,505965,5,567195,31536000,3171.42,,,,,,,1,4
610,505965,5,527449,31536000,79.82,,,,,,,1,4
611,505965,5,459381,31536000,227.65,,,,,,,1,4
612,505965,5,595298,31536000,82.96,,,,,,,1,4
613,505965,5,466907,31536000,322.05,,,,,,,1,4
614,505965,5,577992,31536000,489.12,,,,,,,1,4
615,505965,5,537281,31536000,572.58,,,,,,,1,4
616,505965,5,523927,31536000,515.71,,,,,,,1,4
617,505965,5,580426,31536000,141.3,,,,,,,1,4
618,505965,5,595581,31536000,78.42,,,,,,,1,4
619,505965,5,503701,31536000,874.89,,,,,,,1,4
620,505965,5,571970,31536000,61.62,,,,,,,1,4
621,505965,5,644226,31536000,881.15,,,,,,,1,4
622,505965,5,473173,31536000,126.48,,,,,,,1,4
623,505965,5,620120,31536000,1141.88,,,,,,,1,4
624,505965,5,575030,31536000,1428.67,,,,,,,1,4
625,505965,5,621924,31536000,647.87,,,,,,,1,4
626,572413,5,640784,31536000,88.82,,,,,,,1,4
627,572413,5,630626,31536000,1983.14,,,,,,,1,4
628,572413,5,536346,31536000,428.32,,,,,,,1,4
629,572413,5,520660,31536000,390.65,,,,,,,1,4
630,552988,5,572413,31536000,12652.9,,,,,,,4,1
631,572413,5,567195,31536000,1743.69,,,,,,,1,4
632,572413,5,527449,31536000,73.26,,,,,,,1,4
633,572413,5,459381,31536000,295.58,,,,,,,1,4
634,572413,5,595298,31536000,754.28,,,,,,,1,4
635,572413,5,466907,31536000,187.96,,,,,,,1,4
636,572413,5,580426,31536000,187.52,,,,,,,1,4
637,572413,5,595581,31536000,447.6,,,,,,,1,4
638,572413,5,616315,31536000,426.93,,,,,,,1,4
639,572413,5,642329,31536000,7.71,,,,,,,1,4
640,572413,5,503701,31536000,228.08,,,,,,,1,4
641,572413,5,644226,31536000,416.46,,,,,,,1,4
642,572413,5,632961,31536000,135.67,,,,,,,1,4
643,572413,5,473173,31536000,252.47,,,,,,,1,4
644,572413,5,620120,31536000,98.62,,,,,,,1,4
645,572413,5,575030,31536000,2155.42,,,,,,,1,4
646,572413,5,621924,31536000,92.26,,,,,,,1,4
647,515794,5,630626,31536000,1596.67,,,,,,,1,4
648,515794,5,536346,31536000,584.6,,,,,,,1,4
649,510031,5,515794,31536000,153.68,,,,,,,4,1
650,515794,5,520660,31536000,460.23,,,,,,,1,4
651,552988,5,515794,31536000,1258.39,,,,,,,4,1
652,515794,5,567195,31536000,135.71,,,,,,,1,4
653,515794,5,527449,31536000,81.8,,,,,,,1,4
654,515794,5,459381,31536000,223.74,,,,,,,1,4
655,515794,5,595298,31536000,891.28,,,,,,,1,4
656,515794,5,589943,31536000,458.25,,,,,,,1,4
657,515794,5,577992,31536000,117.13,,,,,,,1,4
658,515794,5,523927,31536000,658.22,,,,,,,1,4
659,515794,5,580426,31536000,216.58,,,,,,,1,4
660,515794,5,595581,31536000,270.56,,,,,,,1,4
661,515794,5,642329,31536000,262.17,,,,,,,1,4
662,515794,5,571970,31536000,8.05,,,,,,,1,4
663,515794,5,644226,31536000,180.64,,,,,,,1,4
664,515794,5,632961,31536000,160.57,,,,,,,1,4
665,515794,5,473173,31536000,29.94,,,,,,,1,4
666,515794,5,620120,31536000,377.6,,,,,,,1,4
667,515794,5,621924,31536000,146.35,,,,,,,1,4
668,563584,5,503218,31536000,347.88,,,,,,,1,4
669,563584,5,630626,31536000,2108.03,,,,,,,1,4
670,563584,5,536346,31536000,699.98,,,,,,,1,4
671,563584,5,520660,31536000,1691.94,,,,,,,1,4
672,552988,5,563584,31536000,11708.6,,,,,,,4,1
673,563584,5,527449,31536000,233.94,,,,,,,1,4
674,563584,5,459381,31536000,551.66,,,,,,,1,4
675,563584,5,595298,31536000,483.37,,,,,,,1,4
676,563584,5,466907,31536000,88.39,,,,,,,1,4
677,563584,5,589943,31536000,693.99,,,,,,,1,4
678,563584,5,577992,31536000,668.48,,,,,,,1,4
679,563584,5,537281,31536000,489.58,,,,,,,1,4
680,563584,5,523927,31536000,360.49,,,,,,,1,4
681,563584,5,616315,31536000,637.9,,,,,,,1,4
682,563584,5,642329,31536000,544.88,,,,,,,1,4
683,563584,5,503701,31536000,429.92,,,,,,,1,4
684,563584,5,571970,31536000,10.67,,,,,,,1,4
685,563584,5,644226,31536000,228.24,,,,,,,1,4
686,563584,5,473173,31536000,795.47,,,,,,,1,4
687,563584,5,620120,31536000,939.88,,,,,,,1,4
688,563584,5,575030,31536000,319.5,,,,,,,1,4
689,510031,5,629627,31536000,336.04,,,,,,,4,1
690,552988,5,629627,31536000,6596.71,,,,,,,4,1
691,629627,5,567195,31536000,698.93,,,,,,,1,4
692,629627,5,527449,31536000,208.98,,,,,,,1,4
693,629627,5,459381,31536000,331.29,,,,,,,1,4
694,629627,5,595298,31536000,701.57,,,,,,,1,4
695,629627,5,589943,31536000,554.9,,,,,,,1,4
696,629627,5,537281,31536000,40.21,,,,,,,1,4
697,629627,5,523927,31536000,485.15,,,,,,,1,4
698,629627,5,580426,31536000,79.87,,,,,,,1,4
699,629627,5,595581,31536000,54.06,,,,,,,1,4
700,629627,5,642329,31536000,372.04,,,,,,,1,4
701,629627,5,503701,31536000,1001.63,,,,,,,1,4
702,629627,5,571970,31536000,41.97,,,,,,,1,4
703,629627,5,473173,31536000,854.79,,,,,,,1,4
704,629627,5,620120,31536000,822.54,,,,,,,1,4
705,629627,5,575030,31536000,1576.9,,,,,,,1,4
706,534034,5,503218,31536000,324.44,,,,,,,1,4
707,552988,5,534034,31536000,6909.84,,,,,,,4,1
708,534034,5,567195,31536000,98.42,,,,,,,1,4
709,534034,5,527449,31536000,98.45,,,,,,,1,4
710,534034,5,459381,31536000,217.43,,,,,,,1,4
711,534034,5,595298,31536000,923.82,,,,,,,1,4
712,534034,5,466907,31536000,331.89,,,,,,,1,4
713,534034,5,589943,31536000,813.98,,,,,,,1,4
714,534034,5,523927,31536000,7.09,,,,,,,1,4
715,534034,5,580426,31536000,24.66,,,,,,,1,4
716,534034,5,595581,31536000,243.16,,,,,,,1,4
717,534034,5,642329,31536000,196.86,,,,,,,1,4
718,534034,5,503701,31536000,519.34,,,,,,,1,4
719,534034,5,571970,31536000,37.46,,,,,,,1,4
720,534034,5,632961,31536000,159.21,,,,,,,1,4
721,534034,5,473173,31536000,359.29,,,,,,,1,4
722,534034,5,620120,31536000,383.24,,,,,,,1,4
723,534034,5,621924,31536000,543.76,,,,,,,1,4
724,552988,5,599441,31536000,820.43,,,,,,,4,1
725,599441,5,567195,31536000,61.38,,,,,,,1,4
726,599441,5,527449,31536000,20.01,,,,,,,1,4
727,599441,5,459381,31536000,173.66,,,,,,,1,4
728,599441,5,595298,31536000,876.96,,,,,,,1,4
729,599441,5,466907,31536000,0.17,,,,,,,1,4
730,599441,5,589943,31536000,149.8,,,,,,,1,4
731,599441,5,537281,31536000,41.42,,,,,,,1,4
732,599441,5,523927,31536000,440.57,,,,,,,1,4
733,599441,5,580426,31536000,63.91,,,,,,,1,4
734,599441,5,595581,31536000,68.27,,,,,,,1,4
735,599441,5,616315,31536000,277.77,,,,,,,1,4
736,599441,5,503701,31536000,305.08,,,,,,,1,4
737,599441,5,571970,31536000,19.66,,,,,,,1,4
738,599441,5,632961,31536000,38.91,,,,,,,1,4
739,599441,5,473173,31536000,166.02,,,,,,,1,4
740,599441,5,620120,31536000,465.15,,,,,,,1,4
741,599441,5,621924,31536000,107.62,,,,,,,1,4
742,552988,5,585212,31536000,7023.93,,,,,,,4,1
743,585212,5,567195,31536000,313.91,,,,,,,1,4
744,585212,5,527449,31536000,91.47,,,,,,,1,4
745,585212,5,459381,31536000,213.36,,,,,,,1,4
746,585212,5,595298,31536000,1168.03,,,,,,,1,4
747,585212,5,466907,31536000,237.14,,,,,,,1,4
748,585212,5,589943,31536000,449.99,,,,,,,1,4
749,585212,5,577992,31536000,556.72,,,,,,,1,4
750,585212,5,580426,31536000,23.93,,,,,,,1,4
751,585212,5,595581,31536000,470.65,,,,,,,1,4
752,585212,5,616315,31536000,512.49,,,,,,,1,4
753,585212,5,642329,31536000,203.52,,,,,,,1,4
754,585212,5,503701,31536000,217.05,,,,,,,1,4
755,585212,5,632961,31536000,53.7,,,,,,,1,4
756,585212,5,473173,31536000,196.97,,,,,,,1,4
757,585212,5,620120,31536000,116.19,,,,,,,1,4
758,585212,5,621924,31536000,233.26,,,,,,,1,4
759,552988,5,536953,31536000,6721.34,,,,,,,4,1
760,536953,5,567195,31536000,457.96,,,,,,,1,4
761,536953,5,527449,31536000,100.1,,,,,,,1,4
762,536953,5,459381,31536000,972.12,,,,,,,1,4
763,536953,5,595298,31536000,1530.76,,,,,,,1,4
764,536953,5,466907,31536000,140.95,,,,,,,1,4
765,536953,5,589943,31536000,1330.24,,,,,,,1,4
766,536953,5,577992,31536000,1151.36,,,,,,,1,4
767,536953,5,537281,31536000,129.36,,,,,,,1,4
768,536953,5,523927,31536000,730.47,,,,,,,1,4
769,536953,5,580426,31536000,49.27,,,,,,,1,4
770,536953,5,595581,31536000,404.72,,,,,,,1,4
771,536953,5,616315,31536000,684.01,,,,,,,1,4
772,536953,5,503701,31536000,1382.9,,,,,,,1,4
773,536953,5,632961,31536000,423.04,,,,,,,1,4
774,536953,5,473173,31536000,1534.03,,,,,,,1,4
775,620120,5,536953,31536000,617.0,,,,,,,4,1
776,536953,5,575030,31536000,1970.27,,,,,,,1,4
777,552988,5,515799,31536000,5150.48,,,,,,,4,1
778,515799,5,567195,31536000,820.48,,,,,,,1,4
779,515799,5,527449,31536000,129.81,,,,,,,1,4
780,515799,5,459381,31536000,544.86,,,,,,,1,4
781,515799,5,595298,31536000,446.02,,,,,,,1,4
782,515799,5,466907,31536000,349.45,,,,,,,1,4
783,515799,5,589943,31536000,1011.71,,,,,,,1,4
784,515799,5,523927,31536000,683.75,,,,,,,1,4
785,515799,5,580426,31536000,32.88,,,,,,,1,4
786,515799,5,616315,31536000,683.83,,,,,,,1,4
787,515799,5,503701,31536000,2272.0,,,,,,,1,4
788,515799,5,632961,31536000,144.34,,,,,,,1,4
789,515799,5,473173,31536000,475.94,,,,,,,1,4
790,515799,5,620120,31536000,688.32,,,,,,,1,4
791,515799,5,621924,31536000,3746.87,,,,,,,1,4
792,552988,5,656156,31536000,13710.2,,,,,,,4,1
793,656156,5,567195,31536000,1205.77,,,,,,,1,4
794,656156,5,527449,31536000,20.87,,,,,,,1,4
795,656156,5,459381,31536000,543.68,,,,,,,1,4
796,656156,5,595298,31536000,719.01,,,,,,,1,4
797,656156,5,466907,31536000,335.87,,,,,,,1,4
798,656156,5,589943,31536000,1291.5,,,,,,,1,4
799,656156,5,577992,31536000,398.58,,,,,,,1,4
800,656156,5,537281,31536000,362.16,,,,,,,1,4
801,656156,5,523927,31536000,412.75,,,,,,,1,4
802,656156,5,580426,31536000,70.98,,,,,,,1,4
803,656156,5,595581,31536000,557.16,,,,,,,1,4
804,656156,5,616315,31536000,879.41,,,,,,,1,4
805,656156,5,642329,31536000,369.95,,,,,,,1,4
806,656156,5,503701,31536000,768.46,,,,,,,1,4
807,656156,5,571970,31536000,17.64,,,,,,,1,4
808,656156,5,632961,31536000,435.05,,,,,,,1,4
809,656156,5,473173,31536000,315.55,,,,,,,1,4
810,656156,5,620120,31536000,1089.36,,,,,,,1,4
811,656156,5,575030,31536000,4849.31,,,,,,,1,4
812,552439,5,630626,31536000,654.53,,,,,,,1,4
813,510031,5,552439,31536000,244.14,,,,,,,4,1
814,552988,5,552439,31536000,13256.9,,,,,,,4,1
815,552439,5,567195,31536000,862.4,,,,,,,1,4
816,552439,5,527449,31536000,241.27,,,,,,,1,4
817,552439,5,459381,31536000,264.21,,,,,,,1,4
818,552439,5,595298,31536000,1949.1,,,,,,,1,4
819,552439,5,466907,31536000,407.88,,,,,,,1,4
820,552439,5,589943,31536000,1173.18,,,,,,,1,4
821,552439,5,577992,31536000,485.44,,,,,,,1,4
822,552439,5,537281,31536000,212.58,,,,,,,1,4
823,552439,5,523927,31536000,365.46,,,,,,,1,4
824,552439,5,595581,31536000,738.1,,,,,,,1,4
825,552439,5,616315,31536000,603.48,,,,,,,1,4
826,552439,5,642329,31536000,433.68,,,,,,,1,4
827,552439,5,503701,31536000,1827.65,,,,,,,1,4
828,552439,5,632961,31536000,384.62,,,,,,,1,4
829,552439,5,473173,31536000,229.16,,,,,,,1,4
830,552439,5,620120,31536000,742.59,,,,,,,1,4
831,552439,5,621924,31536000,35.23,,,,,,,1,4
832,546478,5,630626,31536000,4391.67,,,,,,,1,4
833,510031,5,546478,31536000,652.46,,,,,,,4,1
834,552988,5,546478,31536000,8367.13,,,,,,,4,1
835,546478,5,567195,31536000,1323.35,,,,,,,1,4
836,546478,5,527449,31536000,47.57,,,,,,,1,4
837,546478,5,459381,31536000,71.09,,,,,,,1,4
838,546478,5,595298,31536000,634.8,,,,,,,1,4
839,546478,5,466907,31536000,318.2,,,,,,,1,4
840,546478,5,589943,31536000,1477.07,,,,,,,1,4
841,546478,5,523927,31536000,456.72,,,,,,,1,4
842,546478,5,616315,31536000,494.24,,,,,,,1,4
843,546478,5,642329,31536000,37.01,,,,,,,1,4
844,546478,5,503701,31536000,1607.2,,,,,,,1,4
845,546478,5,571970,31536000,13.42,,,,,,,1,4
846,546478,5,632961,31536000,234.6,,,,,,,1,4
847,546478,5,473173,31536000,960.31,,,,,,,1,4
848,620120,5,546478,31536000,1156.32,,,,,,,4,1
849,546478,5,575030,31536000,9595.78,,,,,,,1,4
850,546478,5,621924,31536000,600.97,,,,,,,1,4
851,488928,5,503218,31536000,618.86,,,,,,,1,4
852,488928,5,630626,31536000,7091.58,,,,,,,1,4
853,488928,5,536346,31536000,1106.18,,,,,,,1,4
854,488928,5,520660,31536000,2655.89,,,,,,,1,4
855,552988,5,488928,31536000,20518.6,,,,,,,4,1
856,488928,5,567195,31536000,4060.69,,,,,,,1,4
857,488928,5,527449,31536000,77.62,,,,,,,1,4
858,488928,5,459381,31536000,355.15,,,,,,,1,4
859,488928,5,595298,31536000,1888.31,,,,,,,1,4
860,488928,5,466907,31536000,320.76,,,,,,,1,4
861,488928,5,606730,31536000,773.91,,,,,,,1,4
862,488928,5,577992,31536000,6.5,,,,,,,1,4
863,488928,5,537281,31536000,25.88,,,,,,,1,4
864,488928,5,523927,31536000,1681.76,,,,,,,1,4
865,488928,5,580426,31536000,532.08,,,,,,,1,4
866,488928,5,616315,31536000,208.72,,,,,,,1,4
867,488928,5,503701,31536000,1713.46,,,,,,,1,4
868,488928,5,644226,31536000,1199.93,,,,,,,1,4
869,488928,5,632961,31536000,456.15,,,,,,,1,4
870,488928,5,473173,31536000,226.36,,,,,,,1,4
871,620120,5,488928,31536000,164.14,,,,,,,4,1
872,488928,5,575030,31536000,1944.15,,,,,,,1,4
873,488928,5,621924,31536000,748.17,,,,,,,1,4
874,602912,5,630626,31536000,1941.85,,,,,,,1,4
875,602912,5,536346,31536000,744.35,,,,,,,1,4
876,602912,5,520660,31536000,2191.45,,,,,,,1,4
877,552988,5,602912,31536000,18351.2,,,,,,,4,1
878,602912,5,567195,31536000,943.0,,,,,,,1,4
879,602912,5,527449,31536000,63.04,,,,,,,1,4
880,602912,5,459381,31536000,401.38,,,,,,,1,4
881,602912,5,595298,31536000,1754.04,,,,,,,1,4
882,602912,5,466907,31536000,279.5,,,,,,,1,4
883,602912,5,589943,31536000,4242.5,,,,,,,1,4
884,602912,5,537281,31536000,519.27,,,,,,,1,4
885,602912,5,523927,31536000,428.19,,,,,,,1,4
886,602912,5,616315,31536000,729.65,,,,,,,1,4
887,602912,5,642329,31536000,352.81,,,,,,,1,4
888,602912,5,503701,31536000,1079.16,,,,,,,1,4
889,602912,5,571970,31536000,9.53,,,,,,,1,4
890,602912,5,644226,31536000,543.7,,,,,,,1,4
891,602912,5,473173,31536000,272.54,,,,,,,1,4
892,602912,5,620120,31536000,1776.52,,,,,,,1,4
893,533024,5,640784,31536000,282.64,,,,,,,1,4
894,533024,5,630626,31536000,4800.15,,,,,,,1,4
895,510031,5,533024,31536000,2270.29,,,,,,,4,1
896,552988,5,533024,31536000,34513.1,,,,,,,4,1
897,533024,5,567195,31536000,3896.34,,,,,,,1,4
898,533024,5,527449,31536000,122.51,,,,,,,1,4
899,533024,5,459381,31536000,748.85,,,,,,,1,4
900,533024,5,595298,31536000,1087.88,,,,,,,1,4
901,533024,5,466907,31536000,636.8,,,,,,,1,4
902,533024,5,577992,31536000,1271.14,,,,,,,1,4
903,533024,5,537281,31536000,838.17,,,,,,,1,4
904,533024,5,523927,31536000,3030.47,,,,,,,1,4
905,533024,5,580426,31536000,629.02,,,,,,,1,4
906,533024,5,595581,31536000,894.9,,,,,,,1,4
907,533024,5,642329,31536000,1483.2,,,,,,,1,4
908,533024,5,503701,31536000,2764.54,,,,,,,1,4
909,533024,5,632961,31536000,622.46,,,,,,,1,4
910,533024,5,473173,31536000,1598.44,,,,,,,1,4
911,533024,5,620120,31536000,2385.08,,,,,,,1,4
912,533024,5,575030,31536000,221.07,,,,,,,1,4
913,533024,5,621924,31536000,1421.09,,,,,,,1,4
914,499312,5,630626,31536000,3749.53,,,,,,,1,4
915,499312,5,536346,31536000,1044.11,,,,,,,1,4
916,510031,5,499312,31536000,691.62,,,,,,,4,1
917,499312,5,520660,31536000,1127.74,,,,,,,1,4
918,552988,5,499312,31536000,19434.5,,,,,,,4,1
919,499312,5,527449,31536000,303.66,,,,,,,1,4
920,499312,5,459381,31536000,611.34,,,,,,,1,4
921,499312,5,595298,31536000,1652.08,,,,,,,1,4
922,499312,5,466907,31536000,596.25,,,,,,,1,4
923,499312,5,577992,31536000,498.96,,,,,,,1,4
924,499312,5,537281,31536000,210.09,,,,,,,1,4
925,499312,5,523927,31536000,848.71,,,,,,,1,4
926,499312,5,616315,31536000,722.75,,,,,,,1,4
927,499312,5,642329,31536000,644.66,,,,,,,1,4
928,499312,5,503701,31536000,1661.06,,,,,,,1,4
929,499312,5,571970,31536000,103.71,,,,,,,1,4
930,499312,5,644226,31536000,1801.64,,,,,,,1,4
931,499312,5,632961,31536000,123.72,,,,,,,1,4
932,499312,5,473173,31536000,206.09,,,,,,,1,4
933,499312,5,620120,31536000,2609.85,,,,,,,1,4
934,499312,5,575030,31536000,1313.85,,,,,,,1,4
935,499312,5,621924,31536000,17.46,,,,,,,1,4
936,464563,5,630626,31536000,6057.31,,,,,,,1,4
937,464563,5,536346,31536000,107.87,,,,,,,1,4
938,464563,5,520660,31536000,2362.89,,,,,,,1,4
939,552988,5,464563,31536000,40893.3,,,,,,,4,1
940,464563,5,567195,31536000,3770.63,,,,,,,1,4
941,464563,5,527449,31536000,241.36,,,,,,,1,4
942,464563,5,459381,31536000,499.73,,,,,,,1,4
943,464563,5,595298,31536000,1287.29,,,,,,,1,4
944,464563,5,466907,31536000,275.05,,,,,,,1,4
945,464563,5,606730,31536000,832.72,,,,,,,1,4
946,464563,5,589943,31536000,824.99,,,,,,,1,4
947,464563,5,577992,31536000,2432.58,,,,,,,1,4
948,464563,5,537281,31536000,419.41,,,,,,,1,4
949,464563,5,523927,31536000,2302.42,,,,,,,1,4
950,464563,5,595581,31536000,1479.93,,,,,,,1,4
951,464563,5,642329,31536000,498.09,,,,,,,1,4
952,464563,5,503701,31536000,2106.71,,,,,,,1,4
953,464563,5,571970,31536000,5.5,,,,,,,1,4
954,464563,5,644226,31536000,663.04,,,,,,,1,4
955,464563,5,632961,31536000,328.49,,,,,,,1,4
956,464563,5,473173,31536000,171.99,,,,,,,1,4
957,464563,5,620120,31536000,5338.67,,,,,,,1,4
958,464563,5,575030,31536000,5816.3,,,,,,,1,4
959,464563,5,621924,31536000,1513.56,,,,,,,1,4
960,552988,5,546626,31536000,13128.4,,,,,,,4,1
961,546626,5,567195,31536000,1910.13,,,,,,,1,4
962,546626,5,527449,31536000,422.9,,,,,,,1,4
963,546626,5,459381,31536000,653.41,,,,,,,1,4
964,546626,5,595298,31536000,619.61,,,,,,,1,4
965,546626,5,466907,31536000,224.34,,,,,,,1,4
966,546626,5,589943,31536000,843.58,,,,,,,1,4
967,546626,5,577992,31536000,459.16,,,,,,,1,4
968,546626,5,580426,31536000,296.4,,,,,,,1,4
969,546626,5,595581,31536000,431.55,,,,,,,1,4
970,546626,5,642329,31536000,507.64,,,,,,,1,4
971,546626,5,503701,31536000,538.93,,,,,,,1,4
972,546626,5,632961,31536000,316.14,,,,,,,1,4
973,546626,5,473173,31536000,1389.58,,,,,,,1,4
974,546626,5,620120,31536000,1430.0,,,,,,,1,4
975,546626,5,621924,31536000,1403.88,,,,,,,1,4
976,552988,5,544615,31536000,14125.6,,,,,,,4,1
977,544615,5,567195,31536000,1209.5,,,,,,,1,4
978,544615,5,527449,31536000,185.85,,,,,,,1,4
979,544615,5,459381,31536000,138.81,,,,,,,1,4
980,544615,5,595298,31536000,4226.85,,,,,,,1,4
981,544615,5,466907,31536000,292.64,,,,,,,1,4
982,544615,5,589943,31536000,497.49,,,,,,,1,4
983,544615,5,537281,31536000,441.68,,,,,,,1,4
984,544615,5,523927,31536000,1859.23,,,,,,,1,4
985,544615,5,580426,31536000,171.51,,,,,,,1,4
986,544615,5,595581,31536000,909.43,,,,,,,1,4
987,544615,5,616315,31536000,944.79,,,,,,,1,4
988,544615,5,642329,31536000,29.26,,,,,,,1,4
989,544615,5,503701,31536000,2483.79,,,,,,,1,4
990,544615,5,571970,31536000,133.2,,,,,,,1,4
991,544615,5,632961,31536000,458.4,,,,,,,1,4
992,544615,5,473173,31536000,964.83,,,,,,,1,4
993,544615,5,620120,31536000,687.54,,,,,,,1,4
994,544615,5,621924,31536000,16.56,,,,,,,1,4
995,510031,5,533141,31536000,213.04,,,,,,,4,1
996,552988,5,533141,31536000,12388.0,,,,,,,4,1
997,533141,5,527449,31536000,212.89,,,,,,,1,4
998,533141,5,459381,31536000,179.11,,,,,,,1,4
999,533141,5,595298,31536000,886.18,,,,,,,1,4
1000,533141,5,466907,31536000,558.24,,,,,,,1,4
1001,533141,5,589943,31536000,1199.16,,,,,,,1,4
1002,533141,5,537281,31536000,203.9,,,,,,,1,4
1003,533141,5,580426,31536000,85.73,,,,,,,1,4
1004,533141,5,595581,31536000,1197.33,,,,,,,1,4
1005,533141,5,616315,31536000,757.71,,,,,,,1,4
1006,533141,5,642329,31536000,292.42,,,,,,,1,4
1007,533141,5,503701,31536000,2727.48,,,,,,,1,4
1008,533141,5,571970,31536000,105.77,,,,,,,1,4
1009,533141,5,632961,31536000,362.27,,,,,,,1,4
1010,533141,5,473173,31536000,2263.32,,,,,,,1,4
1011,620120,5,533141,31536000,1499.45,,,,,,,4,1
1012,533141,5,621924,31536000,2176.3,,,,,,,1,4
1013,510031,5,471663,31536000,791.5,,,,,,,4,1
1014,552988,5,471663,31536000,14177.3,,,,,,,4,1
1015,471663,5,567195,31536000,68.49,,,,,,,1,4
1016,471663,5,527449,31536000,359.29,,,,,,,1,4
1017,471663,5,459381,31536000,125.72,,,,,,,1,4
1018,471663,5,595298,31536000,2279.98,,,,,,,1,4
1019,471663,5,466907,31536000,235.75,,,,,,,1,4
1020,471663,5,589943,31536000,1158.45,,,,,,,1,4
1021,471663,5,577992,31536000,382.24,,,,,,,1,4
1022,471663,5,595581,31536000,372.92,,,,,,,1,4
1023,471663,5,616315,31536000,589.65,,,,,,,1,4
1024,471663,5,642329,31536000,403.43,,,,,,,1,4
1025,471663,5,503701,31536000,2341.83,,,,,,,1,4
1026,471663,5,632961,31536000,401.77,,,,,,,1,4
1027,471663,5,473173,31536000,1616.43,,,,,,,1,4
1028,471663,5,620120,31536000,1252.03,,,,,,,1,4
1029,471663,5,575030,31536000,67.22,,,,,,,1,4
1030,471663,5,621924,31536000,194.61,,,,,,,1,4
1031,501047,5,503218,31536000,629.48,,,,,,,1,4
1032,552988,5,501047,31536000,10817.2,,,,,,,4,1
1033,501047,5,567195,31536000,929.07,,,,,,,1,4
1034,501047,5,527449,31536000,137.84,,,,,,,1,4
1035,501047,5,459381,31536000,591.71,,,,,,,1,4
1036,501047,5,595298,31536000,2671.77,,,,,,,1,4
1037,501047,5,466907,31536000,485.28,,,,,,,1,4
1038,501047,5,589943,31536000,251.56,,,,,,,1,4
1039,501047,5,523927,31536000,2970.58,,,,,,,1,4
1040,501047,5,580426,31536000,282.3,,,,,,,1,4
1041,501047,5,595581,31536000,826.02,,,,,,,1,4
1042,501047,5,616315,31536000,737.78,,,,,,,1,4
1043,501047,5,642329,31536000,269.63,,,,,,,1,4
1044,501047,5,503701,31536000,2476.78,,,,,,,1,4
1045,501047,5,632961,31536000,26.77,,,,,,,1,4
1046,501047,5,473173,31536000,1144.8,,,,,,,1,4
1047,620120,5,501047,31536000,1016.19,,,,,,,4,1
1048,501047,5,575030,31536000,4418.43,,,,,,,1,4
1049,534449,5,630626,31536000,1185.68,,,,,,,1,4
1050,552988,5,534449,31536000,2249.89,,,,,,,4,1
1051,534449,5,527449,31536000,216.81,,,,,,,1,4
1052,534449,5,459381,31536000,813.87,,,,,,,1,4
1053,534449,5,595298,31536000,3004.24,,,,,,,1,4
1054,534449,5,466907,31536000,322.32,,,,,,,1,4
1055,534449,5,589943,31536000,665.7,,,,,,,1,4
1056,534449,5,537281,31536000,10.19,,,,,,,1,4
1057,534449,5,595581,31536000,605.53,,,,,,,1,4
1058,534449,5,616315,31536000,7.18,,,,,,,1,4
1059,534449,5,503701,31536000,2109.64,,,,,,,1,4
1060,534449,5,473173,31536000,198.29,,,,,,,1,4
1061,534449,5,620120,31536000,285.36,,,,,,,1,4
1062,534449,5,575030,31536000,395.95,,,,,,,1,4
1063,472522,5,630626,31536000,2352.91,,,,,,,1,4
1064,552988,5,472522,31536000,5748.55,,,,,,,4,1
1065,472522,5,567195,31536000,518.51,,,,,,,1,4
1066,472522,5,527449,31536000,149.26,,,,,,,1,4
1067,472522,5,459381,31536000,72.22,,,,,,,1,4
1068,472522,5,595298,31536000,751.42,,,,,,,1,4
1069,472522,5,466907,31536000,622.66,,,,,,,1,4
1070,472522,5,606730,31536000,627.2,,,,,,,1,4
1071,472522,5,589943,31536000,132.09,,,,,,,1,4
1072,472522,5,580426,31536000,436.19,,,,,,,1,4
1073,472522,5,595581,31536000,233.23,,,,,,,1,4
1074,472522,5,616315,31536000,2178.34,,,,,,,1,4
1075,472522,5,642329,31536000,1014.78,,,,,,,1,4
1076,472522,5,503701,31536000,3103.23,,,,,,,1,4
1077,472522,5,571970,31536000,222.45,,,,,,,1,4
1078,472522,5,473173,31536000,152.82,,,,,,,1,4
1079,620120,5,472522,31536000,1699.98,,,,,,,4,1
1080,472522,5,575030,31536000,693.4,,,,,,,1,4
1081,472522,5,621924,31536000,1990.33,,,,,,,1,4
1082,552988,5,477138,31536000,5714.39,,,,,,,4,1
1083,477138,5,567195,31536000,245.84,,,,,,,1,4
1084,477138,5,527449,31536000,323.7,,,,,,,1,4
1085,477138,5,459381,31536000,298.45,,,,,,,1,4
1086,477138,5,595298,31536000,348.78,,,,,,,1,4
1087,477138,5,466907,31536000,185.98,,,,,,,1,4
1088,477138,5,577992,31536000,1048.98,,,,,,,1,4
1089,477138,5,537281,31536000,194.3,,,,,,,1,4
1090,477138,5,523927,31536000,420.67,,,,,,,1,4
1091,477138,5,580426,31536000,309.72,,,,,,,1,4
1092,477138,5,595581,31536000,957.56,,,,,,,1,4
1093,477138,5,616315,31536000,777.37,,,,,,,1,4
1094,477138,5,571970,31536000,39.66,,,,,,,1,4
1095,477138,5,473173,31536000,330.35,,,,,,,1,4
1096,620120,5,477138,31536000,258.62,,,,,,,4,1
1097,510031,5,475811,31536000,277.92,,,,,,,4,1
1098,552988,5,475811,31536000,4111.4,,,,,,,4,1
1099,475811,5,527449,31536000,119.59,,,,,,,1,4
1100,475811,5,459381,31536000,434.28,,,,,,,1,4
1101,475811,5,595298,31536000,316.24,,,,,,,1,4
1102,475811,5,466907,31536000,5.48,,,,,,,1,4
1103,475811,5,589943,31536000,228.28,,,,,,,1,4
1104,475811,5,537281,31536000,265.86,,,,,,,1,4
1105,475811,5,523927,31536000,1201.2,,,,,,,1,4
1106,475811,5,595581,31536000,102.41,,,,,,,1,4
1107,475811,5,616315,31536000,723.1,,,,,,,1,4
1108,475811,5,642329,31536000,39.47,,,,,,,1,4
1109,475811,5,632961,31536000,116.78,,,,,,,1,4
1110,475811,5,473173,31536000,121.89,,,,,,,1,4
1111,620120,5,475811,31536000,966.1,,,,,,,4,1
1112,475811,5,575030,31536000,2365.02,,,,,,,1,4
1113,552988,5,590265,31536000,8856.87,,,,,,,4,1
1114,590265,5,567195,31536000,384.7,,,,,,,1,4
1115,590265,5,527449,31536000,279.16,,,,,,,1,4
1116,590265,5,459381,31536000,856.28,,,,,,,1,4
1117,590265,5,595298,31536000,643.53,,,,,,,1,4
1118,590265,5,466907,31536000,494.53,,,,,,,1,4
1119,590265,5,589943,31536000,276.79,,,,,,,1,4
1120,590265,5,577992,31536000,438.82,,,,,,,1,4
1121,590265,5,537281,31536000,489.27,,,,,,,1,4
1122,590265,5,523927,31536000,1117.11,,,,,,,1,4
1123,590265,5,580426,31536000,155.39,,,,,,,1,4
1124,590265,5,616315,31536000,487.37,,,,,,,1,4
1125,590265,5,642329,31536000,357.9,,,,,,,1,4
1126,590265,5,503701,31536000,411.14,,,,,,,1,4
1127,590265,5,632961,31536000,141.13,,,,,,,1,4
1128,590265,5,473173,31536000,1069.34,,,,,,,1,4
1129,620120,5,590265,31536000,752.56,,,,,,,4,1
1130,590265,5,575030,31536000,12740.8,,,,,,,1,4
1131,590265,5,621924,31536000,1592.1,,,,,,,1,4
1132,510031,5,653390,31536000,724.17,,,,,,,4,1
1133,552988,5,653390,31536000,10042.3,,,,,,,4,1
1134,653390,5,567195,31536000,127.56,,,,,,,1,4
1135,653390,5,527449,31536000,358.62,,,,,,,1,4
1136,653390,5,459381,31536000,431.14,,,,,,,1,4
1137,653390,5,595298,31536000,1064.83,,,,,,,1,4
1138,653390,5,466907,31536000,99.86,,,,,,,1,4
1139,653390,5,606730,31536000,509.25,,,,,,,1,4
1140,653390,5,589943,31536000,890.84,,,,,,,1,4
1141,653390,5,577992,31536000,336.03,,,,,,,1,4
1142,653390,5,537281,31536000,548.16,,,,,,,1,4
1143,653390,5,523927,31536000,948.67,,,,,,,1,4
1144,653390,5,580426,31536000,415.63,,,,,,,1,4
1145,653390,5,595581,31536000,331.71,,,,,,,1,4
1146,653390,5,616315,31536000,113.71,,,,,,,1,4
1147,653390,5,642329,31536000,251.39,,,,,,,1,4
1148,653390,5,503701,31536000,1492.32,,,,,,,1,4
1149,653390,5,571970,31536000,164.8,,,,,,,1,4
1150,653390,5,473173,31536000,1763.26,,,,,,,1,4
1151,653390,5,620120,31536000,31.08,,,,,,,1,4
1152,653390,5,621924,31536000,2228.22,,,,,,,1,4
1153,510031,5,573870,31536000,356.61,,,,,,,4,1
1154,552988,5,573870,31536000,3019.34,,,,,,,4,1
1155,573870,5,527449,31536000,241.38,,,,,,,1,4
1156,573870,5,459381,31536000,620.7,,,,,,,1,4
1157,573870,5,595298,31536000,414.28,,,,,,,1,4
1158,573870,5,466907,31536000,257.91,,,,,,,1,4
1159,573870,5,577992,31536000,1416.17,,,,,,,1,4
1160,573870,5,537281,31536000,20.72,,,,,,,1,4
1161,573870,5,523927,31536000,639.76,,,,,,,1,4
1162,573870,5,580426,31536000,99.74,,,,,,,1,4
1163,573870,5,595581,31536000,481.03,,,,,,,1,4
1164,573870,5,616315,31536000,435.73,,,,,,,1,4
1165,573870,5,642329,31536000,184.64,,,,,,,1,4
1166,573870,5,503701,31536000,746.46,,,,,,,1,4
1167,573870,5,632961,31536000,274.71,,,,,,,1,4
1168,573870,5,473173,31536000,415.5,,,,,,,1,4
1169,573870,5,620120,31536000,351.06,,,,,,,1,4
1170,573870,5,575030,31536000,1170.2,,,,,,,1,4
1171,645210,5,630626,31536000,4792.16,,,,,,,1,4
1172,510031,5,645210,31536000,437.54,,,,,,,4,1
1173,552988,5,645210,31536000,29973.6,,,,,,,4,1
1174,645210,5,527449,31536000,278.77,,,,,,,1,4
1175,645210,5,459381,31536000,713.63,,,,,,,1,4
1176,645210,5,595298,31536000,1592.06,,,,,,,1,4
1177,645210,5,466907,31536000,550.46,,,,,,,1,4
1178,645210,5,589943,31536000,355.15,,,,,,,1,4
1179,645210,5,577992,31536000,157.68,,,,,,,1,4
1180,645210,5,537281,31536000,418.13,,,,,,,1,4
1181,645210,5,523927,31536000,1223.88,,,,,,,1,4
1182,645210,5,580426,31536000,37.94,,,,,,,1,4
1183,645210,5,595581,31536000,311.95,,,,,,,1,4
1184,645210,5,616315,31536000,2090.93,,,,,,,1,4
1185,645210,5,642329,31536000,408.57,,,,,,,1,4
1186,645210,5,503701,31536000,1135.98,,,,,,,1,4
1187,645210,5,632961,31536000,1024.9,,,,,,,1,4
1188,645210,5,473173,31536000,427.59,,,,,,,1,4
1189,645210,5,620120,31536000,1480.23,,,,,,,1,4
1190,645210,5,575030,31536000,6687.72,,,,,,,1,4
1191,639051,5,630626,31536000,9218.86,,,,,,,1,4
1192,510031,5,639051,31536000,8012.8,,,,,,,4,1
1193,552988,5,639051,31536000,196567.0,,,,,,,4,1
1194,639051,5,567195,31536000,13536.0,,,,,,,1,4
1195,639051,5,527449,31536000,131.53,,,,,,,1,4
1196,639051,5,459381,31536000,504.52,,,,,,,1,4
1197,639051,5,595298,31536000,363.71,,,,,,,1,4
1198,639051,5,466907,31536000,628.37,,,,,,,1,4
1199,639051,5,589943,31536000,3250.02,,,,,,,1,4
1200,639051,5,577992,31536000,3604.06,,,,,,,1,4
1201,639051,5,537281,31536000,74.73,,,,,,,1,4
1202,639051,5,580426,31536000,1281.5,,,,,,,1,4
1203,639051,5,595581,31536000,4821.65,,,,,,,1,4
1204,639051,5,642329,31536000,3029.73,,,,,,,1,4
1205,639051,5,503701,31536000,1839.38,,,,,,,1,4
1206,639051,5,473173,31536000,2175.3,,,,,,,1,4
1207,639051,5,620120,31536000,47680.0,,,,,,,1,4
1208,639051,5,575030,31536000,11164.1,,,,,,,1,4
1209,582851,5,640784,31536000,339.98,,,,,,,1,4
1210,582851,5,630626,31536000,5865.03,,,,,,,1,4
1211,582851,5,536346,31536000,1010.5,,,,,,,1,4
1212,582851,5,520660,31536000,1548.47,,,,,,,1,4
1213,552988,5,582851,31536000,18671.5,,,,,,,4,1
1214,582851,5,567195,31536000,2519.64,,,,,,,1,4
1215,582851,5,527449,31536000,59.25,,,,,,,1,4
1216,582851,5,459381,31536000,592.99,,,,,,,1,4
1217,582851,5,595298,31536000,918.16,,,,,,,1,4
1218,582851,5,466907,31536000,274.5,,,,,,,1,4
1219,582851,5,589943,31536000,1765.12,,,,,,,1,4
1220,582851,5,577992,31536000,26.02,,,,,,,1,4
1221,582851,5,537281,31536000,687.27,,,,,,,1,4
1222,582851,5,580426,31536000,674.77,,,,,,,1,4
1223,582851,5,595581,31536000,1318.01,,,,,,,1,4
1224,582851,5,642329,31536000,650.69,,,,,,,1,4
1225,582851,5,503701,31536000,1331.52,,,,,,,1,4
1226,582851,5,644226,31536000,127.16,,,,,,,1,4
1227,582851,5,632961,31536000,629.85,,,,,,,1,4
1228,582851,5,473173,31536000,945.16,,,,,,,1,4
1229,582851,5,620120,31536000,4056.11,,,,,,,1,4
1230,582851,5,575030,31536000,3336.95,,,,,,,1,4
1231,541017,5,503218,31536000,823.05,,,,,,,1,4
1232,541017,5,630626,31536000,3583.08,,,,,,,1,4
1233,541017,5,536346,31536000,21.36,,,,,,,1,4
1234,510031,5,541017,31536000,289.46,,,,,,,4,1
1235,541017,5,520660,31536000,2432.0,,,,,,,1,4
1236,552988,5,541017,31536000,28827.5,,,,,,,4,1
1237,541017,5,567195,31536000,6094.45,,,,,,,1,4
1238,541017,5,527449,31536000,276.94,,,,,,,1,4
1239,541017,5,459381,31536000,635.57,,,,,,,1,4
1240,541017,5,595298,31536000,3947.64,,,,,,,1,4
1241,541017,5,466907,31536000,820.82,,,,,,,1,4
1242,541017,5,606730,31536000,729.14,,,,,,,1,4
1243,541017,5,589943,31536000,3067.24,,,,,,,1,4
1244,541017,5,577992,31536000,195.49,,,,,,,1,4
1245,541017,5,523927,31536000,1935.69,,,,,,,1,4
1246,541017,5,595581,31536000,3866.28,,,,,,,1,4
1247,541017,5,616315,31536000,3532.11,,,,,,,1,4
1248,541017,5,642329,31536000,484.08,,,,,,,1,4
1249,541017,5,571970,31536000,180.92,,,,,,,1,4
1250,541017,5,644226,31536000,1529.05,,,,,,,1,4
1251,541017,5,632961,31536000,431.03,,,,,,,1,4
1252,541017,5,473173,31536000,642.78,,,,,,,1,4
1253,541017,5,620120,31536000,3517.98,,,,,,,1,4
1254,541017,5,575030,31536000,8084.37,,,,,,,1,4
1255,541017,5,621924,31536000,1292.87,,,,,,,1,4
1256,563211,5,630626,31536000,4267.76,,,,,,,1,4
1257,563211,5,536346,31536000,464.86,,,,,,,1,4
1258,510031,5,563211,31536000,2700.9,,,,,,,4,1
1259,552988,5,563211,31536000,33865.0,,,,,,,4,1
1260,563211,5,567195,31536000,5301.34,,,,,,,1,4
1261,563211,5,527449,31536000,96.34,,,,,,,1,4
1262,563211,5,459381,31536000,325.71,,,,,,,1,4
1263,563211,5,595298,31536000,2348.19,,,,,,,1,4
1264,563211,5,466907,31536000,801.11,,,,,,,1,4
1265,563211,5,589943,31536000,1121.43,,,,,,,1,4
1266,563211,5,577992,31536000,2947.72,,,,,,,1,4
1267,563211,5,537281,31536000,855.53,,,,,,,1,4
1268,563211,5,523927,31536000,2739.3,,,,,,,1,4
1269,563211,5,580426,31536000,908.48,,,,,,,1,4
1270,563211,5,595581,31536000,820.14,,,,,,,1,4
1271,563211,5,642329,31536000,1218.25,,,,,,,1,4
1272,563211,5,503701,31536000,2401.99,,,,,,,1,4
1273,563211,5,644226,31536000,286.6,,,,,,,1,4
1274,563211,5,632961,31536000,212.56,,,,,,,1,4
1275,563211,5,473173,31536000,2758.33,,,,,,,1,4
1276,563211,5,620120,31536000,6505.41,,,,,,,1,4
1277,563211,5,575030,31536000,855.88,,,,,,,1,4
1278,527597,5,640784,31536000,440.68,,,,,,,1,4
1279,527597,5,630626,31536000,3860.15,,,,,,,1,4
1280,527597,5,536346,31536000,401.15,,,,,,,1,4
1281,527597,5,520660,31536000,1609.38,,,,,,,1,4
1282,552988,5,527597,31536000,18210.2,,,,,,,4,1
1283,527597,5,567195,31536000,2346.63,,,,,,,1,4
1284,527597,5,527449,31536000,202.12,,,,,,,1,4
1285,527597,5,459381,31536000,680.91,,,,,,,1,4
1286,527597,5,595298,31536000,548.87,,,,,,,1,4
1287,527597,5,466907,31536000,755.8,,,,,,,1,4
1288,527597,5,577992,31536000,273.8,,,,,,,1,4
1289,527597,5,537281,31536000,385.1,,,,,,,1,4
1290,527597,5,523927,31536000,406.02,,,,,,,1,4
1291,527597,5,580426,31536000,167.01,,,,,,,1,4
1292,527597,5,595581,31536000,352.52,,,,,,,1,4
1293,527597,5,642329,31536000,412.29,,,,,,,1,4
1294,527597,5,503701,31536000,761.27,,,,,,,1,4
1295,527597,5,644226,31536000,981.94,,,,,,,1,4
1296,527597,5,632961,31536000,207.22,,,,,,,1,4
1297,527597,5,473173,31536000,820.07,,,,,,,1,4
1298,527597,5,620120,31536000,1277.46,,,,,,,1,4
1299,527597,5,621924,31536000,273.83,,,,,,,1,4
