,Unnamed: 0_x,Source,eType,Target,Time,Weight,SourceLocation,TargetLocation,SourceLatitude,SourceLongitude,TargetLatitude,TargetLongitude,Source_NodeType,Target_NodeType,similar_template_node,similarity
0,0,616050,4,590502,-662041253,0.166667,,,,,,,1,3,0.0,60.78286641270567
1,1,599956,0,635665,1296000,1.0,,,,,,,1,1,58.0,78.58085368643837
2,2,599956,0,490041,1306507,1.0,,,,,,,1,1,58.0,78.58085368643837
3,3,599956,0,490041,1312679,1.0,,,,,,,1,1,58.0,78.58085368643837
4,4,490041,0,599956,1314435,1.0,,,,,,,1,1,,0.0
5,5,490041,0,599956,1331859,1.0,,,,,,,1,1,,0.0
6,6,490041,0,635665,1350583,1.0,,,,,,,1,1,,0.0
7,7,599956,0,635665,1368949,1.0,,,,,,,1,1,58.0,78.58085368643837
8,8,490041,0,599956,1390083,1.0,,,,,,,1,1,,0.0
9,9,490041,1,589639,1417381,1.0,0.0,0.0,34.5741,-42.0541,30.4483,-42.5341,1,1,,0.0
10,10,599956,1,635665,1423376,1.0,0.0,0.0,34.2958,-39.026,29.3296,-37.8076,1,1,58.0,78.58085368643837
11,11,599956,0,589639,1437564,1.0,,,,,,,1,1,58.0,78.58085368643837
12,12,599956,1,589639,1465986,1.0,0.0,0.0,34.2958,-39.026,30.4483,-42.5341,1,1,58.0,78.58085368643837
13,13,490041,1,635665,1523000,1.0,0.0,0.0,34.5741,-42.0541,29.3296,-37.8076,1,1,,0.0
14,14,599956,1,589639,1536819,1.0,0.0,0.0,34.2958,-39.026,30.4483,-42.5341,1,1,58.0,78.58085368643837
15,15,599956,1,589639,1540919,1.0,0.0,0.0,34.2958,-39.026,30.4483,-42.5341,1,1,58.0,78.58085368643837
16,16,599956,0,589639,1565941,1.0,,,,,,,1,1,58.0,78.58085368643837
17,17,490041,1,589639,1568399,1.0,0.0,0.0,34.5741,-42.0541,30.4483,-42.5341,1,1,,0.0
18,18,599956,0,635665,1576780,1.0,,,,,,,1,1,58.0,78.58085368643837
19,19,490041,0,589639,1598371,1.0,,,,,,,1,1,,0.0
20,20,490041,0,635665,1617847,1.0,,,,,,,1,1,,0.0
21,21,599956,0,490041,1631939,1.0,,,,,,,1,1,58.0,78.58085368643837
22,22,599956,0,635665,1662551,1.0,,,,,,,1,1,58.0,78.58085368643837
23,23,490041,0,635665,1663236,1.0,,,,,,,1,1,,0.0
24,24,599956,0,589639,1674446,1.0,,,,,,,1,1,58.0,78.58085368643837
25,25,599956,0,635665,1689032,1.0,,,,,,,1,1,58.0,78.58085368643837
26,26,599956,0,589639,1692550,1.0,,,,,,,1,1,58.0,78.58085368643837
27,27,599956,0,635665,1693300,1.0,,,,,,,1,1,58.0,78.58085368643837
28,28,490041,1,589639,1694726,1.0,0.0,0.0,34.5741,-42.0541,30.4483,-42.5341,1,1,,0.0
29,29,490041,1,589639,1734364,1.0,0.0,0.0,34.5741,-42.0541,30.4483,-42.5341,1,1,,0.0
30,30,490041,1,635665,1743198,1.0,0.0,0.0,34.5741,-42.0541,29.3296,-37.8076,1,1,,0.0
31,31,490041,1,599956,1768587,1.0,0.0,0.0,34.5741,-42.0541,34.2958,-39.026,1,1,,0.0
32,32,490041,0,599956,1773043,1.0,,,,,,,1,1,,0.0
33,33,599956,1,490041,1789643,1.0,0.0,0.0,34.2958,-39.026,34.5741,-42.0541,1,1,58.0,78.58085368643837
34,34,490041,0,589639,1812906,1.0,,,,,,,1,1,,0.0
35,35,490041,0,599956,1815837,1.0,,,,,,,1,1,,0.0
36,36,599956,1,490041,1821622,1.0,0.0,0.0,34.2958,-39.026,34.5741,-42.0541,1,1,58.0,78.58085368643837
37,37,490041,0,589639,1830106,1.0,,,,,,,1,1,,0.0
38,38,599956,1,589639,1832626,1.0,0.0,0.0,34.2958,-39.026,30.4483,-42.5341,1,1,58.0,78.58085368643837
39,39,490041,1,635665,1844976,1.0,0.0,0.0,34.5741,-42.0541,29.3296,-37.8076,1,1,,0.0
40,40,599956,0,635665,1847895,1.0,,,,,,,1,1,58.0,78.58085368643837
41,41,490041,0,599956,1869418,1.0,,,,,,,1,1,,0.0
42,42,490041,1,589639,1870295,1.0,0.0,0.0,34.5741,-42.0541,30.4483,-42.5341,1,1,,0.0
43,43,533140,0,591682,2300427,1.0,,,,,,,1,1,,0.0
44,44,568093,0,616050,2720925,1.0,,,,,,,1,1,,0.0
45,45,632150,1,635665,2806344,1.0,2.0,0.0,-27.2563,91.7676,29.3296,-37.8076,1,1,,0.0
46,46,635665,1,568093,3314951,1.0,0.0,0.0,29.3296,-37.8076,28.3004,-47.4036,1,1,47.0,75.62143698742486
47,47,616050,1,632150,3487438,1.0,2.0,2.0,-20.9062,92.3982,-27.2563,91.7676,1,1,0.0,60.78286641270567
48,48,632150,1,568093,3796266,1.0,2.0,0.0,-27.2563,91.7676,28.3004,-47.4036,1,1,,0.0
49,49,568093,0,632150,3838156,1.0,,,,,,,1,1,,0.0
50,50,533140,0,464459,4130014,1.0,,,,,,,1,1,,0.0
51,51,533140,0,616050,4201266,1.0,,,,,,,1,1,,0.0
52,52,533140,0,616050,4333271,1.0,,,,,,,1,1,,0.0
53,53,568093,0,533140,4812138,1.0,,,,,,,1,1,,0.0
54,54,635665,0,512397,5288962,1.0,,,,,,,1,1,47.0,75.62143698742486
55,55,632150,1,635665,5599120,1.0,2.0,0.0,-27.2563,91.7676,29.3296,-37.8076,1,1,,0.0
56,56,635665,0,550287,5626655,1.0,,,,,,,1,1,47.0,75.62143698742486
57,57,512397,0,635665,5717144,1.0,,,,,,,1,1,27.0,60.60458879225019
58,58,635665,0,559657,5739273,1.0,,,,,,,1,1,47.0,75.62143698742486
59,59,635665,0,616050,5895251,1.0,,,,,,,1,1,47.0,75.62143698742486
60,60,512397,0,635665,6064497,1.0,,,,,,,1,1,27.0,60.60458879225019
61,61,533140,1,591682,6064987,1.0,2.0,2.0,-21.8004,89.7045,-22.6503,92.6106,1,1,,0.0
62,62,635665,0,550287,6147265,1.0,,,,,,,1,1,47.0,75.62143698742486
63,63,635665,0,512397,6186726,1.0,,,,,,,1,1,47.0,75.62143698742486
64,64,533140,0,591682,6360806,1.0,,,,,,,1,1,,0.0
65,65,568093,0,464459,6508928,1.0,,,,,,,1,1,,0.0
66,66,635665,0,512397,6571211,1.0,,,,,,,1,1,47.0,75.62143698742486
67,67,635665,1,533140,6713226,1.0,0.0,2.0,29.3296,-37.8076,-21.8004,89.7045,1,1,47.0,75.62143698742486
68,68,635665,0,559657,6714914,1.0,,,,,,,1,1,47.0,75.62143698742486
69,69,616050,1,533140,6731066,1.0,2.0,2.0,-20.9062,92.3982,-21.8004,89.7045,1,1,0.0,60.78286641270567
70,70,533140,1,616050,6977386,1.0,2.0,2.0,-21.8004,89.7045,-20.9062,92.3982,1,1,,0.0
71,71,568093,0,632150,7035286,1.0,,,,,,,1,1,,0.0
72,72,635665,0,559657,7083468,1.0,,,,,,,1,1,47.0,75.62143698742486
73,73,635665,0,559657,7094212,1.0,,,,,,,1,1,47.0,75.62143698742486
74,74,512397,0,635665,7168878,1.0,,,,,,,1,1,27.0,60.60458879225019
75,75,632150,1,464459,7485417,1.0,2.0,0.0,-27.2563,91.7676,25.0754,-40.6293,1,1,,0.0
76,76,635665,0,559657,7491939,1.0,,,,,,,1,1,47.0,75.62143698742486
77,77,616050,1,533140,7527116,1.0,2.0,2.0,-20.9062,92.3982,-21.8004,89.7045,1,1,0.0,60.78286641270567
78,78,635665,0,512397,7575721,1.0,,,,,,,1,1,47.0,75.62143698742486
79,79,533140,0,464459,7649729,1.0,,,,,,,1,1,,0.0
80,80,533140,0,464459,7848257,1.0,,,,,,,1,1,,0.0
81,81,635665,0,512397,8102731,1.0,,,,,,,1,1,47.0,75.62143698742486
82,82,635665,1,533140,8239192,1.0,0.0,2.0,29.3296,-37.8076,-21.8004,89.7045,1,1,47.0,75.62143698742486
83,83,512397,0,635665,8272124,1.0,,,,,,,1,1,27.0,60.60458879225019
84,84,623295,0,635665,8290018,1.0,,,,,,,1,1,43.0,62.3051085963226
85,85,599956,1,492777,8304372,1.0,0.0,3.0,34.2958,-39.026,-24.5657,-110.65,1,1,58.0,78.58085368643837
86,86,599956,0,570411,8356067,1.0,,,,,,,1,1,58.0,78.58085368643837
87,87,589639,0,635665,8358490,1.0,,,,,,,1,1,45.0,59.45303279741284
88,88,550287,0,512397,8408133,1.0,,,,,,,1,1,,0.0
89,89,550361,0,490041,8444702,1.0,,,,,,,1,1,,0.0
90,90,599956,0,493044,8465663,1.0,,,,,,,1,1,58.0,78.58085368643837
91,91,599956,0,635665,8677838,1.0,,,,,,,1,1,58.0,78.58085368643837
92,92,550287,0,512397,8684963,1.0,,,,,,,1,1,,0.0
93,93,599956,1,492777,8709595,1.0,0.0,3.0,34.2958,-39.026,-24.5657,-110.65,1,1,58.0,78.58085368643837
94,94,599956,1,492777,8718680,1.0,0.0,3.0,34.2958,-39.026,-24.5657,-110.65,1,1,58.0,78.58085368643837
95,95,596193,0,635665,8728337,1.0,,,,,,,1,1,40.0,53.53490237646494
96,96,550361,0,596193,8745034,1.0,,,,,,,1,1,,0.0
97,97,596193,0,492777,8756900,1.0,,,,,,,1,1,40.0,53.53490237646494
98,98,599956,1,493044,8761720,1.0,0.0,2.0,34.2958,-39.026,-20.8686,89.4217,1,1,58.0,78.58085368643837
99,99,490041,0,599956,8771959,1.0,,,,,,,1,1,,0.0
100,100,550361,0,589639,8789089,1.0,,,,,,,1,1,,0.0
101,101,512397,0,550287,8811852,1.0,,,,,,,1,1,27.0,60.60458879225019
102,102,599956,1,635665,8847370,1.0,0.0,0.0,34.2958,-39.026,29.3296,-37.8076,1,1,58.0,78.58085368643837
103,103,550287,0,512397,8890301,1.0,,,,,,,1,1,,0.0
104,104,623295,0,550361,8894109,1.0,,,,,,,1,1,43.0,62.3051085963226
105,105,599956,0,640464,8904016,1.0,,,,,,,1,1,58.0,78.58085368643837
106,106,599956,1,490041,8938744,1.0,0.0,0.0,34.2958,-39.026,34.5741,-42.0541,1,1,58.0,78.58085368643837
107,107,568093,0,632150,8962019,1.0,,,,,,,1,1,,0.0
108,108,599956,1,493044,8985798,1.0,0.0,2.0,34.2958,-39.026,-20.8686,89.4217,1,1,58.0,78.58085368643837
109,109,599956,0,570411,8994500,1.0,,,,,,,1,1,58.0,78.58085368643837
110,110,599956,1,589639,8997941,1.0,0.0,0.0,34.2958,-39.026,30.4483,-42.5341,1,1,58.0,78.58085368643837
111,111,596193,0,492777,9012009,1.0,,,,,,,1,1,40.0,53.53490237646494
112,112,568093,0,616050,9076579,1.0,,,,,,,1,1,,0.0
113,113,623295,0,635665,9094353,1.0,,,,,,,1,1,43.0,62.3051085963226
114,114,490041,1,550361,9100993,1.0,0.0,2.0,34.5741,-42.0541,-18.3758,91.025,1,1,,0.0
115,115,599956,1,570411,9102661,1.0,0.0,0.0,34.2958,-39.026,32.6654,-48.6701,1,1,58.0,78.58085368643837
116,116,616050,1,464459,9118391,1.0,2.0,0.0,-20.9062,92.3982,25.0754,-40.6293,1,1,0.0,60.78286641270567
117,117,623295,0,589639,9145435,1.0,,,,,,,1,1,43.0,62.3051085963226
118,118,589639,0,550361,9150468,1.0,,,,,,,1,1,45.0,59.45303279741284
119,119,568093,0,635665,9161797,1.0,,,,,,,1,1,,0.0
120,120,623295,0,596193,9162596,1.0,,,,,,,1,1,43.0,62.3051085963226
121,121,599956,0,640464,9189819,1.0,,,,,,,1,1,58.0,78.58085368643837
122,122,490041,1,623295,9269917,1.0,0.0,3.0,34.5741,-42.0541,-25.4639,-111.249,1,1,,0.0
123,123,599956,1,596193,9312133,1.0,0.0,2.0,34.2958,-39.026,-17.1099,90.7971,1,1,58.0,78.58085368643837
124,124,599956,0,490041,9328701,1.0,,,,,,,1,1,58.0,78.58085368643837
125,125,623295,0,550361,9335884,1.0,,,,,,,1,1,43.0,62.3051085963226
126,126,623295,0,570411,9341506,1.0,,,,,,,1,1,43.0,62.3051085963226
127,127,599956,0,623295,9369606,1.0,,,,,,,1,1,58.0,78.58085368643837
128,128,623295,0,640464,9392429,1.0,,,,,,,1,1,43.0,62.3051085963226
129,129,596193,0,640464,9409103,1.0,,,,,,,1,1,40.0,53.53490237646494
130,130,599956,1,589639,9523757,1.0,0.0,0.0,34.2958,-39.026,30.4483,-42.5341,1,1,58.0,78.58085368643837
131,131,623295,0,570411,9533579,1.0,,,,,,,1,1,43.0,62.3051085963226
132,132,635665,1,616050,9566701,1.0,0.0,2.0,29.3296,-37.8076,-20.9062,92.3982,1,1,47.0,75.62143698742486
133,133,599956,0,550361,9594811,1.0,,,,,,,1,1,58.0,78.58085368643837
134,134,599956,1,589639,9631198,1.0,0.0,0.0,34.2958,-39.026,30.4483,-42.5341,1,1,58.0,78.58085368643837
135,135,599956,0,490041,9634710,1.0,,,,,,,1,1,58.0,78.58085368643837
136,136,599956,0,570411,9645937,1.0,,,,,,,1,1,58.0,78.58085368643837
137,137,568093,0,632150,9743545,1.0,,,,,,,1,1,,0.0
138,138,623295,0,490041,9810911,1.0,,,,,,,1,1,43.0,62.3051085963226
139,139,632150,1,533140,9824045,1.0,2.0,2.0,-27.2563,91.7676,-21.8004,89.7045,1,1,,0.0
140,140,589639,0,490041,9843778,1.0,,,,,,,1,1,45.0,59.45303279741284
141,141,599956,1,635665,9880536,1.0,0.0,0.0,34.2958,-39.026,29.3296,-37.8076,1,1,58.0,78.58085368643837
142,142,616050,1,635665,9885133,1.0,2.0,0.0,-20.9062,92.3982,29.3296,-37.8076,1,1,0.0,60.78286641270567
143,143,589639,0,490041,9889908,1.0,,,,,,,1,1,45.0,59.45303279741284
144,144,550361,0,493044,9893984,1.0,,,,,,,1,1,,0.0
145,145,464459,1,632150,9913520,1.0,0.0,2.0,25.0754,-40.6293,-27.2563,91.7676,1,1,,0.0
146,146,490041,1,640464,9947058,1.0,0.0,0.0,34.5741,-42.0541,35.8806,-34.5372,1,1,,0.0
147,147,599956,1,623295,9994548,1.0,0.0,3.0,34.2958,-39.026,-25.4639,-111.249,1,1,58.0,78.58085368643837
148,148,599956,1,490041,10008400,1.0,0.0,0.0,34.2958,-39.026,34.5741,-42.0541,1,1,58.0,78.58085368643837
149,149,623295,0,570411,10018468,1.0,,,,,,,1,1,43.0,62.3051085963226
150,150,550361,0,599956,10112171,1.0,,,,,,,1,1,,0.0
151,151,490041,0,493044,10125697,1.0,,,,,,,1,1,,0.0
152,152,596193,0,493044,10196465,1.0,,,,,,,1,1,40.0,53.53490237646494
153,153,550361,0,623295,10204276,1.0,,,,,,,1,1,,0.0
154,154,635665,1,632150,10206980,1.0,0.0,2.0,29.3296,-37.8076,-27.2563,91.7676,1,1,47.0,75.62143698742486
155,155,490041,0,492777,10222243,1.0,,,,,,,1,1,,0.0
156,156,550287,2,657187,10250285,170.0,,,,,,,1,2,,0.0
157,157,512397,3,657187,10250285,170.0,,,,,,,1,2,27.0,60.60458879225019
158,158,599956,0,635665,10372830,1.0,,,,,,,1,1,58.0,78.58085368643837
159,159,550361,0,640464,10380701,1.0,,,,,,,1,1,,0.0
160,160,490041,0,493044,10392303,1.0,,,,,,,1,1,,0.0
161,161,512397,0,550287,10409865,1.0,,,,,,,1,1,27.0,60.60458879225019
162,162,632150,1,464459,10415195,1.0,2.0,0.0,-27.2563,91.7676,25.0754,-40.6293,1,1,,0.0
163,163,632150,1,591682,10427425,1.0,2.0,2.0,-27.2563,91.7676,-22.6503,92.6106,1,1,,0.0
164,164,599956,1,550361,10446305,1.0,0.0,2.0,34.2958,-39.026,-18.3758,91.025,1,1,58.0,78.58085368643837
165,165,616050,1,533140,10498974,1.0,2.0,2.0,-20.9062,92.3982,-21.8004,89.7045,1,1,0.0,60.78286641270567
166,166,623295,0,550361,10526722,1.0,,,,,,,1,1,43.0,62.3051085963226
167,167,599956,1,589639,10537005,1.0,0.0,0.0,34.2958,-39.026,30.4483,-42.5341,1,1,58.0,78.58085368643837
168,168,599956,0,550361,10558740,1.0,,,,,,,1,1,58.0,78.58085368643837
169,169,550361,0,490041,10576646,1.0,,,,,,,1,1,,0.0
170,170,623295,0,490041,10593205,1.0,,,,,,,1,1,43.0,62.3051085963226
171,171,599956,1,492777,10596463,1.0,0.0,3.0,34.2958,-39.026,-24.5657,-110.65,1,1,58.0,78.58085368643837
172,172,623295,0,599956,10604700,1.0,,,,,,,1,1,43.0,62.3051085963226
173,173,490041,0,599956,10644256,1.0,,,,,,,1,1,,0.0
174,174,616050,1,533140,10924087,1.0,2.0,2.0,-20.9062,92.3982,-21.8004,89.7045,1,1,0.0,60.78286641270567
175,175,632150,1,533140,11000457,1.0,2.0,2.0,-27.2563,91.7676,-21.8004,89.7045,1,1,,0.0
176,176,632150,1,464459,11103646,1.0,2.0,0.0,-27.2563,91.7676,25.0754,-40.6293,1,1,,0.0
177,177,568093,0,591682,11438695,1.0,,,,,,,1,1,,0.0
178,178,533140,0,616050,11450444,1.0,,,,,,,1,1,,0.0
179,179,533140,0,591682,11481454,1.0,,,,,,,1,1,,0.0
180,180,550287,2,657187,12459732,314.0,,,,,,,1,2,,0.0
181,181,512397,3,657187,12459732,314.0,,,,,,,1,2,27.0,60.60458879225019
182,182,512397,0,550287,12670289,1.0,,,,,,,1,1,27.0,60.60458879225019
183,183,512397,0,550287,14384733,1.0,,,,,,,1,1,27.0,60.60458879225019
184,184,550287,2,657187,14490022,445.0,,,,,,,1,2,,0.0
185,185,512397,3,657187,14490022,445.0,,,,,,,1,2,27.0,60.60458879225019
186,186,629627,6,625756,14845147,4.0,4.0,3.0,1.0,-165.0,-25.0,-111.0,1,5,74.0,98.48850001983428
187,187,629627,6,657173,14931547,2.0,3.0,1.0,-25.0,-111.0,-29.0,-13.0,1,5,74.0,98.48850001983428
188,188,599441,6,657173,15277147,5.0,3.0,1.0,-25.0,-111.0,-29.0,-13.0,1,5,86.0,99.95384536375926
189,189,534034,6,657173,15536347,3.0,3.0,1.0,-25.0,-111.0,-29.0,-13.0,1,5,,0.0
190,190,512397,0,550287,15835592,1.0,,,,,,,1,1,27.0,60.60458879225019
191,191,534034,6,625756,16141147,4.0,4.0,3.0,1.0,-165.0,-25.0,-111.0,1,5,,0.0
192,192,550287,2,657187,16267662,792.0,,,,,,,1,2,,0.0
193,193,512397,3,657187,16267662,792.0,,,,,,,1,2,27.0,60.60458879225019
194,194,599441,6,625756,16486747,4.0,4.0,3.0,1.0,-165.0,-25.0,-111.0,1,5,86.0,99.95384536375926
195,195,585212,6,657173,16486747,5.0,3.0,1.0,-25.0,-111.0,-29.0,-13.0,1,5,,0.0
196,196,550287,2,657187,16758558,331.0,,,,,,,1,2,,0.0
197,197,512397,3,657187,16758558,331.0,,,,,,,1,2,27.0,60.60458879225019
198,198,585212,6,625756,16832347,5.0,4.0,3.0,1.0,-165.0,-25.0,-111.0,1,5,,0.0
199,199,550287,2,657187,17614335,430.0,,,,,,,1,2,,0.0
200,200,512397,3,657187,17614335,430.0,,,,,,,1,2,27.0,60.60458879225019
201,201,550287,2,657187,17671007,122.0,,,,,,,1,2,,0.0
202,202,512397,3,657187,17671007,122.0,,,,,,,1,2,27.0,60.60458879225019
203,203,512397,0,550287,18060533,1.0,,,,,,,1,1,27.0,60.60458879225019
204,204,599441,6,509607,18214747,4.0,2.0,4.0,-22.0,91.0,1.0,-165.0,1,5,86.0,99.95384536375926
205,205,585212,6,509607,18214747,3.0,2.0,4.0,-22.0,91.0,1.0,-165.0,1,5,,0.0
206,206,534034,6,499467,18473947,5.0,1.0,2.0,-29.0,-13.0,-22.0,91.0,1,5,,0.0
207,207,629627,6,499467,18646747,2.0,1.0,2.0,-29.0,-13.0,-22.0,91.0,1,5,74.0,98.48850001983428
208,208,585212,6,499467,18733147,5.0,1.0,2.0,-29.0,-13.0,-22.0,91.0,1,5,,0.0
209,209,599441,6,499467,18819547,2.0,1.0,2.0,-29.0,-13.0,-22.0,91.0,1,5,86.0,99.95384536375926
210,210,623295,1,635665,19868924,1.0,3.0,0.0,-25.4639,-111.249,29.3296,-37.8076,1,1,43.0,62.3051085963226
211,211,623295,0,492777,20018733,1.0,,,,,,,1,1,43.0,62.3051085963226
212,212,538892,6,509607,20115547,1.0,2.0,4.0,-22.0,91.0,1.0,-165.0,1,5,,0.0
213,213,623295,1,635665,20146856,1.0,3.0,0.0,-25.4639,-111.249,29.3296,-37.8076,1,1,43.0,62.3051085963226
214,214,635665,0,492777,20183932,1.0,,,,,,,1,1,47.0,75.62143698742486
215,215,512397,0,550287,20234879,1.0,,,,,,,1,1,27.0,60.60458879225019
216,216,635665,0,623295,20366682,1.0,,,,,,,1,1,47.0,75.62143698742486
217,217,623295,0,492777,20483073,1.0,,,,,,,1,1,43.0,62.3051085963226
218,218,623295,1,492777,20485040,1.0,3.0,3.0,-25.4639,-111.249,-24.5657,-110.65,1,1,43.0,62.3051085963226
219,219,542965,6,509607,20547547,5.0,2.0,4.0,-22.0,91.0,1.0,-165.0,1,5,,0.0
220,220,635665,0,492777,20613879,1.0,,,,,,,1,1,47.0,75.62143698742486
221,221,635665,0,492777,20732418,1.0,,,,,,,1,1,47.0,75.62143698742486
222,222,492777,1,550361,20822639,1.0,3.0,2.0,-24.5657,-110.65,-18.3758,91.025,1,1,56.0,64.86181679721248
223,223,492777,1,623295,20830992,1.0,3.0,3.0,-24.5657,-110.65,-25.4639,-111.249,1,1,56.0,64.86181679721248
224,224,635665,0,623295,20852050,1.0,,,,,,,1,1,47.0,75.62143698742486
225,225,492777,0,550361,20854058,1.0,,,,,,,1,1,56.0,64.86181679721248
226,226,492777,1,596193,20867167,1.0,3.0,2.0,-24.5657,-110.65,-17.1099,90.7971,1,1,56.0,64.86181679721248
227,227,550361,1,596193,20873117,1.0,2.0,2.0,-18.3758,91.025,-17.1099,90.7971,1,1,,0.0
228,228,635665,1,493044,20882094,1.0,0.0,2.0,29.3296,-37.8076,-20.8686,89.4217,1,1,47.0,75.62143698742486
229,229,635665,1,493044,20887397,1.0,0.0,2.0,29.3296,-37.8076,-20.8686,89.4217,1,1,47.0,75.62143698742486
230,230,492777,1,493044,20909333,1.0,3.0,2.0,-24.5657,-110.65,-20.8686,89.4217,1,1,56.0,64.86181679721248
231,231,596193,0,623295,20921454,1.0,,,,,,,1,1,40.0,53.53490237646494
232,232,492777,0,635665,20922688,1.0,,,,,,,1,1,56.0,64.86181679721248
233,233,492777,1,623295,20926366,1.0,3.0,3.0,-24.5657,-110.65,-25.4639,-111.249,1,1,56.0,64.86181679721248
234,234,550361,1,623295,20940987,1.0,2.0,3.0,-18.3758,91.025,-25.4639,-111.249,1,1,,0.0
235,235,623295,1,635665,20947689,1.0,3.0,0.0,-25.4639,-111.249,29.3296,-37.8076,1,1,43.0,62.3051085963226
236,236,464459,6,625756,20979547,1.0,0.0,3.0,33.0,-41.0,-25.0,-111.0,1,5,,0.0
237,237,492777,0,596193,21050086,1.0,,,,,,,1,1,56.0,64.86181679721248
238,238,623295,0,492777,21056607,1.0,,,,,,,1,1,43.0,62.3051085963226
239,239,492777,0,550361,21081687,1.0,,,,,,,1,1,56.0,64.86181679721248
240,240,596193,0,493044,21085655,1.0,,,,,,,1,1,40.0,53.53490237646494
241,241,596193,0,550361,21088442,1.0,,,,,,,1,1,40.0,53.53490237646494
242,242,492777,1,635665,21090250,1.0,3.0,0.0,-24.5657,-110.65,29.3296,-37.8076,1,1,56.0,64.86181679721248
243,243,550361,1,493044,21090682,1.0,2.0,2.0,-18.3758,91.025,-20.8686,89.4217,1,1,,0.0
244,244,635665,0,492777,21113875,1.0,,,,,,,1,1,47.0,75.62143698742486
245,245,550361,0,623295,21122153,1.0,,,,,,,1,1,,0.0
246,246,623295,1,493044,21126949,1.0,3.0,2.0,-25.4639,-111.249,-20.8686,89.4217,1,1,43.0,62.3051085963226
247,247,568093,6,625756,21152347,2.0,0.0,3.0,33.0,-41.0,-25.0,-111.0,1,5,,0.0
248,248,572391,6,509607,21152347,2.0,2.0,4.0,-22.0,91.0,1.0,-165.0,1,5,640784.0,99.98054603838489
249,249,596193,0,623295,21183011,1.0,,,,,,,1,1,40.0,53.53490237646494
250,250,623295,1,492777,21272058,1.0,3.0,3.0,-25.4639,-111.249,-24.5657,-110.65,1,1,43.0,62.3051085963226
251,251,635665,0,492777,21286766,1.0,,,,,,,1,1,47.0,75.62143698742486
252,252,596193,0,635665,21288232,1.0,,,,,,,1,1,40.0,53.53490237646494
253,253,635665,1,596193,21299339,1.0,0.0,2.0,29.3296,-37.8076,-17.1099,90.7971,1,1,47.0,75.62143698742486
254,254,492777,1,623295,21365640,1.0,3.0,3.0,-24.5657,-110.65,-25.4639,-111.249,1,1,56.0,64.86181679721248
255,255,492777,1,635665,21392909,1.0,3.0,0.0,-24.5657,-110.65,29.3296,-37.8076,1,1,56.0,64.86181679721248
256,256,635665,6,499467,21411547,1.0,3.0,2.0,-25.0,-111.0,-22.0,91.0,1,5,47.0,75.62143698742486
257,257,623295,1,635665,21444482,1.0,3.0,0.0,-25.4639,-111.249,29.3296,-37.8076,1,1,43.0,62.3051085963226
258,258,635665,1,550361,21445593,1.0,0.0,2.0,29.3296,-37.8076,-18.3758,91.025,1,1,47.0,75.62143698742486
259,259,623295,1,635665,21520284,1.0,3.0,0.0,-25.4639,-111.249,29.3296,-37.8076,1,1,43.0,62.3051085963226
260,260,492777,0,596193,21539087,1.0,,,,,,,1,1,56.0,64.86181679721248
261,261,492777,0,623295,21560515,1.0,,,,,,,1,1,56.0,64.86181679721248
262,262,550361,0,635665,21593417,1.0,,,,,,,1,1,,0.0
263,263,623295,1,550361,21636072,1.0,3.0,2.0,-25.4639,-111.249,-18.3758,91.025,1,1,43.0,62.3051085963226
264,264,596193,0,493044,21696581,1.0,,,,,,,1,1,40.0,53.53490237646494
265,265,550361,1,493044,21701200,1.0,2.0,2.0,-18.3758,91.025,-20.8686,89.4217,1,1,,0.0
266,266,623295,0,635665,21758270,1.0,,,,,,,1,1,43.0,62.3051085963226
267,267,596193,0,492777,21780678,1.0,,,,,,,1,1,40.0,53.53490237646494
268,268,623295,1,492777,21808987,1.0,3.0,3.0,-25.4639,-111.249,-24.5657,-110.65,1,1,43.0,62.3051085963226
269,269,635665,0,492777,21821195,1.0,,,,,,,1,1,47.0,75.62143698742486
270,270,623295,1,635665,21835883,1.0,3.0,0.0,-25.4639,-111.249,29.3296,-37.8076,1,1,43.0,62.3051085963226
271,271,635665,6,625756,21843547,1.0,0.0,3.0,33.0,-41.0,-25.0,-111.0,1,5,47.0,75.62143698742486
272,272,635665,1,492777,21851592,1.0,0.0,3.0,29.3296,-37.8076,-24.5657,-110.65,1,1,47.0,75.62143698742486
273,273,464459,6,499467,21929947,2.0,3.0,2.0,-25.0,-111.0,-22.0,91.0,1,5,,0.0
274,274,492777,1,623295,21975781,1.0,3.0,3.0,-24.5657,-110.65,-25.4639,-111.249,1,1,56.0,64.86181679721248
275,275,635665,0,623295,22012691,1.0,,,,,,,1,1,47.0,75.62143698742486
276,276,635665,0,492777,22063595,1.0,,,,,,,1,1,47.0,75.62143698742486
277,277,492777,0,493044,22129997,1.0,,,,,,,1,1,56.0,64.86181679721248
278,278,635665,1,623295,22144205,1.0,0.0,3.0,29.3296,-37.8076,-25.4639,-111.249,1,1,47.0,75.62143698742486
279,279,492777,1,623295,22169055,1.0,3.0,3.0,-24.5657,-110.65,-25.4639,-111.249,1,1,56.0,64.86181679721248
280,280,596193,0,550361,22254898,1.0,,,,,,,1,1,40.0,53.53490237646494
281,281,550361,0,596193,22308110,1.0,,,,,,,1,1,,0.0
282,282,492777,0,623295,22352087,1.0,,,,,,,1,1,56.0,64.86181679721248
283,283,492777,0,493044,22371021,1.0,,,,,,,1,1,56.0,64.86181679721248
284,284,635665,1,492777,22373265,1.0,0.0,3.0,29.3296,-37.8076,-24.5657,-110.65,1,1,47.0,75.62143698742486
285,285,596193,0,550361,22389005,1.0,,,,,,,1,1,40.0,53.53490237646494
286,286,492777,0,635665,22416097,1.0,,,,,,,1,1,56.0,64.86181679721248
287,287,596193,0,635665,22416771,1.0,,,,,,,1,1,40.0,53.53490237646494
288,288,492777,0,623295,22435117,1.0,,,,,,,1,1,56.0,64.86181679721248
289,289,492777,1,635665,22446486,1.0,3.0,0.0,-24.5657,-110.65,29.3296,-37.8076,1,1,56.0,64.86181679721248
290,290,492777,1,623295,22452022,1.0,3.0,3.0,-24.5657,-110.65,-25.4639,-111.249,1,1,56.0,64.86181679721248
291,291,623295,1,635665,22455314,1.0,3.0,0.0,-25.4639,-111.249,29.3296,-37.8076,1,1,43.0,62.3051085963226
292,292,550361,0,635665,22528909,1.0,,,,,,,1,1,,0.0
293,293,492777,0,550361,22555734,1.0,,,,,,,1,1,56.0,64.86181679721248
294,294,635665,0,492777,22563050,1.0,,,,,,,1,1,47.0,75.62143698742486
295,295,492777,1,493044,22584294,1.0,3.0,2.0,-24.5657,-110.65,-20.8686,89.4217,1,1,56.0,64.86181679721248
296,296,550361,1,493044,22612462,1.0,2.0,2.0,-18.3758,91.025,-20.8686,89.4217,1,1,,0.0
297,297,568093,6,499467,22621147,2.0,3.0,2.0,-25.0,-111.0,-22.0,91.0,1,5,,0.0
298,298,596193,0,635665,22636021,1.0,,,,,,,1,1,40.0,53.53490237646494
299,299,635665,1,596193,22728254,1.0,0.0,2.0,29.3296,-37.8076,-17.1099,90.7971,1,1,47.0,75.62143698742486
300,300,492777,1,635665,22755659,1.0,3.0,0.0,-24.5657,-110.65,29.3296,-37.8076,1,1,56.0,64.86181679721248
301,301,635665,1,493044,22783893,1.0,0.0,2.0,29.3296,-37.8076,-20.8686,89.4217,1,1,47.0,75.62143698742486
302,302,492777,0,493044,22784884,1.0,,,,,,,1,1,56.0,64.86181679721248
303,303,596193,0,623295,22787809,1.0,,,,,,,1,1,40.0,53.53490237646494
304,304,492777,1,493044,22855338,1.0,3.0,2.0,-24.5657,-110.65,-20.8686,89.4217,1,1,56.0,64.86181679721248
305,305,492777,0,635665,22990665,1.0,,,,,,,1,1,56.0,64.86181679721248
306,306,492777,0,623295,22991986,1.0,,,,,,,1,1,56.0,64.86181679721248
307,307,492777,0,596193,22996941,1.0,,,,,,,1,1,56.0,64.86181679721248
308,308,492777,0,635665,23024759,1.0,,,,,,,1,1,56.0,64.86181679721248
309,309,635665,1,550361,23043220,1.0,0.0,2.0,29.3296,-37.8076,-18.3758,91.025,1,1,47.0,75.62143698742486
310,310,635665,1,493044,23047530,1.0,0.0,2.0,29.3296,-37.8076,-20.8686,89.4217,1,1,47.0,75.62143698742486
311,311,492777,1,635665,23129203,1.0,3.0,0.0,-24.5657,-110.65,29.3296,-37.8076,1,1,56.0,64.86181679721248
312,312,492777,1,635665,23130930,1.0,3.0,0.0,-24.5657,-110.65,29.3296,-37.8076,1,1,56.0,64.86181679721248
313,313,635665,1,596193,23132563,1.0,0.0,2.0,29.3296,-37.8076,-17.1099,90.7971,1,1,47.0,75.62143698742486
314,314,492777,0,493044,23145652,1.0,,,,,,,1,1,56.0,64.86181679721248
315,315,596193,0,623295,23173103,1.0,,,,,,,1,1,40.0,53.53490237646494
316,316,589639,1,635665,23996653,1.0,0.0,0.0,30.4483,-42.5341,29.3296,-37.8076,1,1,45.0,59.45303279741284
317,317,599956,1,490041,23997357,1.0,0.0,0.0,34.2958,-39.026,34.5741,-42.0541,1,1,58.0,78.58085368643837
318,318,490041,0,635665,24003753,1.0,,,,,,,1,1,,0.0
319,319,589639,1,490041,24010946,1.0,0.0,0.0,30.4483,-42.5341,34.5741,-42.0541,1,1,45.0,59.45303279741284
320,320,490041,0,589639,24011786,1.0,,,,,,,1,1,,0.0
321,321,635665,0,599956,24012811,1.0,,,,,,,1,1,47.0,75.62143698742486
322,322,635665,0,599956,24013644,1.0,,,,,,,1,1,47.0,75.62143698742486
323,323,599956,1,490041,24015494,1.0,0.0,0.0,34.2958,-39.026,34.5741,-42.0541,1,1,58.0,78.58085368643837
324,324,599956,1,490041,24021301,1.0,0.0,0.0,34.2958,-39.026,34.5741,-42.0541,1,1,58.0,78.58085368643837
325,325,589639,1,599956,24023186,1.0,0.0,0.0,30.4483,-42.5341,34.2958,-39.026,1,1,45.0,59.45303279741284
326,326,635665,0,599956,24023510,1.0,,,,,,,1,1,47.0,75.62143698742486
327,327,635665,0,589639,24028546,1.0,,,,,,,1,1,47.0,75.62143698742486
328,328,490041,0,589639,24030596,1.0,,,,,,,1,1,,0.0
329,329,635665,0,599956,24032432,1.0,,,,,,,1,1,47.0,75.62143698742486
330,330,635665,0,589639,24035137,1.0,,,,,,,1,1,47.0,75.62143698742486
331,331,599956,1,589639,24040547,1.0,0.0,0.0,34.2958,-39.026,30.4483,-42.5341,1,1,58.0,78.58085368643837
332,332,490041,0,589639,24043702,1.0,,,,,,,1,1,,0.0
333,333,599956,1,490041,24050350,1.0,0.0,0.0,34.2958,-39.026,34.5741,-42.0541,1,1,58.0,78.58085368643837
334,334,490041,0,635665,24051853,1.0,,,,,,,1,1,,0.0
335,335,599956,1,490041,24068779,1.0,0.0,0.0,34.2958,-39.026,34.5741,-42.0541,1,1,58.0,78.58085368643837
336,336,635665,1,570411,24123324,1.0,0.0,0.0,29.3296,-37.8076,32.6654,-48.6701,1,1,47.0,75.62143698742486
337,337,570411,0,640464,24185807,1.0,,,,,,,1,1,,0.0
338,338,570411,0,640464,24293825,1.0,,,,,,,1,1,,0.0
339,339,570411,0,640464,24324913,1.0,,,,,,,1,1,,0.0
340,340,640464,1,635665,24461997,1.0,0.0,0.0,35.8806,-34.5372,29.3296,-37.8076,1,1,,0.0
341,341,570411,0,635665,24470579,1.0,,,,,,,1,1,,0.0
342,342,635665,1,640464,24503371,1.0,0.0,0.0,29.3296,-37.8076,35.8806,-34.5372,1,1,47.0,75.62143698742486
343,343,635665,1,640464,24583501,1.0,0.0,0.0,29.3296,-37.8076,35.8806,-34.5372,1,1,47.0,75.62143698742486
344,344,568093,6,561157,24608347,2.0,2.0,0.0,-22.0,91.0,33.0,-41.0,1,5,,0.0
345,345,635665,6,561157,24608347,1.0,2.0,0.0,-22.0,91.0,33.0,-41.0,1,5,47.0,75.62143698742486
346,346,640464,1,570411,24659635,1.0,0.0,0.0,35.8806,-34.5372,32.6654,-48.6701,1,1,,0.0
347,347,640464,1,570411,24685141,1.0,0.0,0.0,35.8806,-34.5372,32.6654,-48.6701,1,1,,0.0
348,348,635665,1,640464,24703970,1.0,0.0,0.0,29.3296,-37.8076,35.8806,-34.5372,1,1,47.0,75.62143698742486
349,349,640464,1,635665,24726314,1.0,0.0,0.0,35.8806,-34.5372,29.3296,-37.8076,1,1,,0.0
350,350,640464,1,570411,24787278,1.0,0.0,0.0,35.8806,-34.5372,32.6654,-48.6701,1,1,,0.0
351,351,640464,1,635665,24880980,1.0,0.0,0.0,35.8806,-34.5372,29.3296,-37.8076,1,1,,0.0
352,352,640464,1,570411,24900262,1.0,0.0,0.0,35.8806,-34.5372,32.6654,-48.6701,1,1,,0.0
353,353,635665,1,570411,24914745,1.0,0.0,0.0,29.3296,-37.8076,32.6654,-48.6701,1,1,47.0,75.62143698742486
354,354,464459,6,561157,24953947,1.0,2.0,0.0,-22.0,91.0,33.0,-41.0,1,5,,0.0
355,355,640464,1,635665,25023225,1.0,0.0,0.0,35.8806,-34.5372,29.3296,-37.8076,1,1,,0.0
356,356,570411,0,635665,25084575,1.0,,,,,,,1,1,,0.0
357,357,640464,1,570411,25114159,1.0,0.0,0.0,35.8806,-34.5372,32.6654,-48.6701,1,1,,0.0
358,358,635665,1,570411,25132002,1.0,0.0,0.0,29.3296,-37.8076,32.6654,-48.6701,1,1,47.0,75.62143698742486
359,359,649553,6,509607,26595547,4.0,5.0,4.0,22.0,156.0,1.0,-165.0,1,5,,0.0
360,360,570284,6,509607,26681947,1.0,5.0,4.0,22.0,156.0,1.0,-165.0,1,5,,0.0
361,361,643925,6,625756,27545947,2.0,4.0,3.0,1.0,-165.0,-25.0,-111.0,1,5,,0.0
362,362,649553,6,625756,27718747,3.0,4.0,3.0,1.0,-165.0,-25.0,-111.0,1,5,,0.0
363,363,643925,6,509607,27977947,5.0,5.0,4.0,22.0,156.0,1.0,-165.0,1,5,,0.0
364,364,570284,6,616453,29446747,5.0,0.0,5.0,33.0,-41.0,22.0,156.0,1,5,,0.0
365,365,649553,6,616453,29533147,5.0,0.0,5.0,33.0,-41.0,22.0,156.0,1,5,,0.0
366,366,643925,6,561157,30137947,4.0,3.0,0.0,-25.0,-111.0,33.0,-41.0,1,5,,0.0
367,367,643925,6,616453,30137947,3.0,0.0,5.0,33.0,-41.0,22.0,156.0,1,5,,0.0
368,368,570284,6,561157,30224347,2.0,3.0,0.0,-25.0,-111.0,33.0,-41.0,1,5,,0.0
369,369,649553,6,561157,30224347,2.0,3.0,0.0,-25.0,-111.0,33.0,-41.0,1,5,,0.0
370,370,608827,5,630626,31536000,21699.3,,,,,,,1,4,54.0,78.7159918792615
371,371,552988,5,608827,31536000,143858.0,,,,,,,4,1,,0.0
372,372,608827,5,567195,31536000,15088.4,,,,,,,1,4,54.0,78.7159918792615
373,373,608827,5,527449,31536000,456.71,,,,,,,1,4,54.0,78.7159918792615
374,374,608827,5,459381,31536000,2378.6,,,,,,,1,4,54.0,78.7159918792615
375,375,608827,5,595298,31536000,5362.15,,,,,,,1,4,54.0,78.7159918792615
376,376,608827,5,466907,31536000,1689.16,,,,,,,1,4,54.0,78.7159918792615
377,377,608827,5,589943,31536000,8444.03,,,,,,,1,4,54.0,78.7159918792615
378,378,608827,5,537281,31536000,2111.52,,,,,,,1,4,54.0,78.7159918792615
379,379,608827,5,580426,31536000,385.87,,,,,,,1,4,54.0,78.7159918792615
380,380,608827,5,595581,31536000,1006.36,,,,,,,1,4,54.0,78.7159918792615
381,381,608827,5,616315,31536000,6192.98,,,,,,,1,4,54.0,78.7159918792615
382,382,608827,5,642329,31536000,6393.29,,,,,,,1,4,54.0,78.7159918792615
383,383,608827,5,503701,31536000,2935.06,,,,,,,1,4,54.0,78.7159918792615
384,384,608827,5,632961,31536000,116.31,,,,,,,1,4,54.0,78.7159918792615
385,385,608827,5,473173,31536000,4951.15,,,,,,,1,4,54.0,78.7159918792615
386,386,608827,5,620120,31536000,19480.8,,,,,,,1,4,54.0,78.7159918792615
387,387,608827,5,575030,31536000,14153.4,,,,,,,1,4,54.0,78.7159918792615
388,388,608827,5,621924,31536000,12677.5,,,,,,,1,4,54.0,78.7159918792615
389,389,589639,5,630626,31536000,25079.4,,,,,,,1,4,45.0,59.45303279741284
390,390,589639,5,536346,31536000,9368.15,,,,,,,1,4,45.0,59.45303279741284
391,391,510031,5,589639,31536000,1840.81,,,,,,,4,1,,0.0
392,392,589639,5,520660,31536000,12000.0,,,,,,,1,4,45.0,59.45303279741284
393,393,552988,5,589639,31536000,647030.0,,,,,,,4,1,,0.0
394,394,589639,5,567195,31536000,35981.5,,,,,,,1,4,45.0,59.45303279741284
395,395,589639,5,527449,31536000,1570.79,,,,,,,1,4,45.0,59.45303279741284
396,396,589639,5,459381,31536000,1177.72,,,,,,,1,4,45.0,59.45303279741284
397,397,589639,5,595298,31536000,6259.14,,,,,,,1,4,45.0,59.45303279741284
398,398,589639,5,466907,31536000,4315.51,,,,,,,1,4,45.0,59.45303279741284
399,399,589639,5,589943,31536000,17326.8,,,,,,,1,4,45.0,59.45303279741284
400,400,589639,5,577992,31536000,59222.4,,,,,,,1,4,45.0,59.45303279741284
401,401,589639,5,595581,31536000,6812.65,,,,,,,1,4,45.0,59.45303279741284
402,402,589639,5,616315,31536000,7992.34,,,,,,,1,4,45.0,59.45303279741284
403,403,589639,5,642329,31536000,10936.9,,,,,,,1,4,45.0,59.45303279741284
404,404,589639,5,503701,31536000,11748.4,,,,,,,1,4,45.0,59.45303279741284
405,405,589639,5,571970,31536000,922.08,,,,,,,1,4,45.0,59.45303279741284
406,406,589639,5,644226,31536000,4393.27,,,,,,,1,4,45.0,59.45303279741284
407,407,589639,5,473173,31536000,657.25,,,,,,,1,4,45.0,59.45303279741284
408,408,589639,5,620120,31536000,256705.0,,,,,,,1,4,45.0,59.45303279741284
409,409,589639,5,575030,31536000,22255.4,,,,,,,1,4,45.0,59.45303279741284
410,410,589639,5,621924,31536000,20611.7,,,,,,,1,4,45.0,59.45303279741284
411,411,530528,5,630626,31536000,8433.51,,,,,,,1,4,,0.0
412,412,530528,5,536346,31536000,42.39,,,,,,,1,4,,0.0
413,413,510031,5,530528,31536000,1273.93,,,,,,,4,1,,0.0
414,414,530528,5,520660,31536000,10454.0,,,,,,,1,4,,0.0
415,415,552988,5,530528,31536000,22471.7,,,,,,,4,1,,0.0
416,416,530528,5,567195,31536000,3256.84,,,,,,,1,4,,0.0
417,417,530528,5,527449,31536000,626.25,,,,,,,1,4,,0.0
418,418,530528,5,459381,31536000,709.74,,,,,,,1,4,,0.0
419,419,530528,5,595298,31536000,323.75,,,,,,,1,4,,0.0
420,420,530528,5,466907,31536000,803.27,,,,,,,1,4,,0.0
421,421,530528,5,577992,31536000,5401.11,,,,,,,1,4,,0.0
422,422,530528,5,523927,31536000,566.66,,,,,,,1,4,,0.0
423,423,530528,5,580426,31536000,1055.24,,,,,,,1,4,,0.0
424,424,530528,5,616315,31536000,1263.37,,,,,,,1,4,,0.0
425,425,530528,5,642329,31536000,1860.01,,,,,,,1,4,,0.0
426,426,530528,5,503701,31536000,1056.28,,,,,,,1,4,,0.0
427,427,530528,5,571970,31536000,572.39,,,,,,,1,4,,0.0
428,428,530528,5,644226,31536000,2654.76,,,,,,,1,4,,0.0
429,429,530528,5,632961,31536000,1258.56,,,,,,,1,4,,0.0
430,430,530528,5,473173,31536000,2025.14,,,,,,,1,4,,0.0
431,431,530528,5,620120,31536000,3136.11,,,,,,,1,4,,0.0
432,432,635706,5,630626,31536000,32074.0,,,,,,,1,4,44.0,79.0878846128691
433,433,510031,5,635706,31536000,23825.6,,,,,,,4,1,,0.0
434,434,552988,5,635706,31536000,619963.0,,,,,,,4,1,,0.0
435,435,635706,5,567195,31536000,19509.3,,,,,,,1,4,44.0,79.0878846128691
436,436,635706,5,527449,31536000,707.75,,,,,,,1,4,44.0,79.0878846128691
437,437,635706,5,459381,31536000,2812.2,,,,,,,1,4,44.0,79.0878846128691
438,438,635706,5,595298,31536000,1346.38,,,,,,,1,4,44.0,79.0878846128691
439,439,635706,5,466907,31536000,1827.44,,,,,,,1,4,44.0,79.0878846128691
440,440,635706,5,589943,31536000,8451.08,,,,,,,1,4,44.0,79.0878846128691
441,441,635706,5,537281,31536000,179.25,,,,,,,1,4,44.0,79.0878846128691
442,442,635706,5,580426,31536000,6537.83,,,,,,,1,4,44.0,79.0878846128691
443,443,635706,5,642329,31536000,7422.71,,,,,,,1,4,44.0,79.0878846128691
444,444,635706,5,503701,31536000,5502.61,,,,,,,1,4,44.0,79.0878846128691
445,445,635706,5,571970,31536000,419.71,,,,,,,1,4,44.0,79.0878846128691
446,446,635706,5,473173,31536000,1568.36,,,,,,,1,4,44.0,79.0878846128691
447,447,635706,5,620120,31536000,288399.0,,,,,,,1,4,44.0,79.0878846128691
448,448,635706,5,575030,31536000,12879.0,,,,,,,1,4,44.0,79.0878846128691
449,449,490041,5,630626,31536000,3877.78,,,,,,,1,4,,0.0
450,450,490041,5,536346,31536000,3898.0,,,,,,,1,4,,0.0
451,451,490041,5,520660,31536000,3164.62,,,,,,,1,4,,0.0
452,452,552988,5,490041,31536000,9945.27,,,,,,,4,1,,0.0
453,453,490041,5,567195,31536000,3425.74,,,,,,,1,4,,0.0
454,454,490041,5,527449,31536000,190.9,,,,,,,1,4,,0.0
455,455,490041,5,459381,31536000,944.51,,,,,,,1,4,,0.0
456,456,490041,5,595298,31536000,2351.23,,,,,,,1,4,,0.0
457,457,490041,5,589943,31536000,3472.76,,,,,,,1,4,,0.0
458,458,490041,5,537281,31536000,2016.75,,,,,,,1,4,,0.0
459,459,490041,5,523927,31536000,5981.19,,,,,,,1,4,,0.0
460,460,490041,5,616315,31536000,541.23,,,,,,,1,4,,0.0
461,461,490041,5,642329,31536000,2715.88,,,,,,,1,4,,0.0
462,462,490041,5,503701,31536000,1124.28,,,,,,,1,4,,0.0
463,463,490041,5,571970,31536000,755.36,,,,,,,1,4,,0.0
464,464,490041,5,644226,31536000,1088.3,,,,,,,1,4,,0.0
465,465,490041,5,632961,31536000,1277.89,,,,,,,1,4,,0.0
466,466,490041,5,473173,31536000,546.79,,,,,,,1,4,,0.0
467,467,490041,5,620120,31536000,902.7,,,,,,,1,4,,0.0
468,468,490041,5,575030,31536000,989.2,,,,,,,1,4,,0.0
469,469,490041,5,621924,31536000,309.48,,,,,,,1,4,,0.0
470,470,554431,5,630626,31536000,8432.04,,,,,,,1,4,36.0,79.73541985637434
471,471,510031,5,554431,31536000,2533.31,,,,,,,4,1,,0.0
472,472,552988,5,554431,31536000,25798.3,,,,,,,4,1,,0.0
473,473,554431,5,567195,31536000,4869.66,,,,,,,1,4,36.0,79.73541985637434
474,474,554431,5,527449,31536000,477.21,,,,,,,1,4,36.0,79.73541985637434
475,475,554431,5,459381,31536000,991.31,,,,,,,1,4,36.0,79.73541985637434
476,476,554431,5,595298,31536000,1022.79,,,,,,,1,4,36.0,79.73541985637434
477,477,554431,5,466907,31536000,1592.45,,,,,,,1,4,36.0,79.73541985637434
478,478,554431,5,589943,31536000,2292.69,,,,,,,1,4,36.0,79.73541985637434
479,479,554431,5,537281,31536000,575.81,,,,,,,1,4,36.0,79.73541985637434
480,480,554431,5,523927,31536000,2100.87,,,,,,,1,4,36.0,79.73541985637434
481,481,554431,5,580426,31536000,507.66,,,,,,,1,4,36.0,79.73541985637434
482,482,554431,5,595581,31536000,864.5,,,,,,,1,4,36.0,79.73541985637434
483,483,554431,5,642329,31536000,3608.19,,,,,,,1,4,36.0,79.73541985637434
484,484,554431,5,503701,31536000,11532.2,,,,,,,1,4,36.0,79.73541985637434
485,485,554431,5,571970,31536000,109.57,,,,,,,1,4,36.0,79.73541985637434
486,486,554431,5,473173,31536000,2609.97,,,,,,,1,4,36.0,79.73541985637434
487,487,620120,5,554431,31536000,1916.13,,,,,,,4,1,,0.0
488,488,554431,5,575030,31536000,8023.05,,,,,,,1,4,36.0,79.73541985637434
489,489,554431,5,621924,31536000,4588.96,,,,,,,1,4,36.0,79.73541985637434
490,490,599956,5,630626,31536000,15128.2,,,,,,,1,4,58.0,78.58085368643837
491,491,599956,5,536346,31536000,2378.96,,,,,,,1,4,58.0,78.58085368643837
492,492,510031,5,599956,31536000,4527.75,,,,,,,4,1,,0.0
493,493,599956,5,520660,31536000,11521.2,,,,,,,1,4,58.0,78.58085368643837
494,494,552988,5,599956,31536000,87411.8,,,,,,,4,1,,0.0
495,495,599956,5,567195,31536000,14199.5,,,,,,,1,4,58.0,78.58085368643837
496,496,599956,5,527449,31536000,1287.62,,,,,,,1,4,58.0,78.58085368643837
497,497,599956,5,459381,31536000,1200.8,,,,,,,1,4,58.0,78.58085368643837
498,498,599956,5,595298,31536000,5424.06,,,,,,,1,4,58.0,78.58085368643837
499,499,599956,5,466907,31536000,1734.92,,,,,,,1,4,58.0,78.58085368643837
500,500,599956,5,589943,31536000,4308.22,,,,,,,1,4,58.0,78.58085368643837
501,501,599956,5,577992,31536000,573.69,,,,,,,1,4,58.0,78.58085368643837
502,502,599956,5,537281,31536000,3138.12,,,,,,,1,4,58.0,78.58085368643837
503,503,599956,5,523927,31536000,2612.14,,,,,,,1,4,58.0,78.58085368643837
504,504,599956,5,642329,31536000,4236.9,,,,,,,1,4,58.0,78.58085368643837
505,505,599956,5,503701,31536000,5658.37,,,,,,,1,4,58.0,78.58085368643837
506,506,599956,5,644226,31536000,801.56,,,,,,,1,4,58.0,78.58085368643837
507,507,599956,5,473173,31536000,3394.47,,,,,,,1,4,58.0,78.58085368643837
508,508,599956,5,620120,31536000,6039.55,,,,,,,1,4,58.0,78.58085368643837
509,509,599956,5,575030,31536000,33836.2,,,,,,,1,4,58.0,78.58085368643837
510,510,599956,5,621924,31536000,4397.31,,,,,,,1,4,58.0,78.58085368643837
511,511,566342,5,630626,31536000,2836.39,,,,,,,1,4,,0.0
512,512,552988,5,566342,31536000,11191.5,,,,,,,4,1,,0.0
513,513,566342,5,527449,31536000,239.28,,,,,,,1,4,,0.0
514,514,566342,5,459381,31536000,928.67,,,,,,,1,4,,0.0
515,515,566342,5,595298,31536000,2976.7,,,,,,,1,4,,0.0
516,516,566342,5,466907,31536000,1503.23,,,,,,,1,4,,0.0
517,517,566342,5,589943,31536000,1392.07,,,,,,,1,4,,0.0
518,518,566342,5,577992,31536000,1673.49,,,,,,,1,4,,0.0
519,519,566342,5,537281,31536000,729.47,,,,,,,1,4,,0.0
520,520,566342,5,523927,31536000,695.41,,,,,,,1,4,,0.0
521,521,566342,5,616315,31536000,2325.96,,,,,,,1,4,,0.0
522,522,566342,5,642329,31536000,3830.14,,,,,,,1,4,,0.0
523,523,566342,5,571970,31536000,409.84,,,,,,,1,4,,0.0
524,524,566342,5,632961,31536000,730.67,,,,,,,1,4,,0.0
525,525,566342,5,473173,31536000,350.38,,,,,,,1,4,,0.0
526,526,566342,5,620120,31536000,201.24,,,,,,,1,4,,0.0
527,527,566342,5,575030,31536000,4154.76,,,,,,,1,4,,0.0
528,528,566342,5,621924,31536000,1246.31,,,,,,,1,4,,0.0
529,529,548513,5,630626,31536000,5458.02,,,,,,,1,4,48.0,75.75696474288985
530,530,548513,5,536346,31536000,3302.11,,,,,,,1,4,48.0,75.75696474288985
531,531,510031,5,548513,31536000,1688.22,,,,,,,4,1,,0.0
532,532,548513,5,520660,31536000,7279.05,,,,,,,1,4,48.0,75.75696474288985
533,533,552988,5,548513,31536000,8328.29,,,,,,,4,1,,0.0
534,534,548513,5,567195,31536000,3345.4,,,,,,,1,4,48.0,75.75696474288985
535,535,548513,5,527449,31536000,706.38,,,,,,,1,4,48.0,75.75696474288985
536,536,548513,5,459381,31536000,2555.54,,,,,,,1,4,48.0,75.75696474288985
537,537,548513,5,595298,31536000,6392.63,,,,,,,1,4,48.0,75.75696474288985
538,538,548513,5,589943,31536000,1499.5,,,,,,,1,4,48.0,75.75696474288985
539,539,548513,5,580426,31536000,479.26,,,,,,,1,4,48.0,75.75696474288985
540,540,548513,5,595581,31536000,4817.44,,,,,,,1,4,48.0,75.75696474288985
541,541,548513,5,571970,31536000,60.39,,,,,,,1,4,48.0,75.75696474288985
542,542,548513,5,644226,31536000,1464.26,,,,,,,1,4,48.0,75.75696474288985
543,543,548513,5,473173,31536000,1129.58,,,,,,,1,4,48.0,75.75696474288985
544,544,620120,5,548513,31536000,1057.83,,,,,,,4,1,,0.0
545,545,548513,5,621924,31536000,989.89,,,,,,,1,4,48.0,75.75696474288985
546,546,599057,5,630626,31536000,11194.7,,,,,,,1,4,,0.0
547,547,599057,5,536346,31536000,937.43,,,,,,,1,4,,0.0
548,548,510031,5,599057,31536000,1282.76,,,,,,,4,1,,0.0
549,549,599057,5,520660,31536000,1584.35,,,,,,,1,4,,0.0
550,550,552988,5,599057,31536000,26766.3,,,,,,,4,1,,0.0
551,551,599057,5,567195,31536000,4545.13,,,,,,,1,4,,0.0
552,552,599057,5,527449,31536000,50.84,,,,,,,1,4,,0.0
553,553,599057,5,459381,31536000,1671.82,,,,,,,1,4,,0.0
554,554,599057,5,595298,31536000,151.14,,,,,,,1,4,,0.0
555,555,599057,5,466907,31536000,607.33,,,,,,,1,4,,0.0
556,556,599057,5,589943,31536000,2235.21,,,,,,,1,4,,0.0
557,557,599057,5,577992,31536000,121.9,,,,,,,1,4,,0.0
558,558,599057,5,523927,31536000,1013.67,,,,,,,1,4,,0.0
559,559,599057,5,595581,31536000,1123.79,,,,,,,1,4,,0.0
560,560,599057,5,616315,31536000,2716.78,,,,,,,1,4,,0.0
561,561,599057,5,503701,31536000,7222.34,,,,,,,1,4,,0.0
562,562,599057,5,644226,31536000,2032.53,,,,,,,1,4,,0.0
563,563,599057,5,632961,31536000,147.47,,,,,,,1,4,,0.0
564,564,599057,5,473173,31536000,5174.1,,,,,,,1,4,,0.0
565,565,620120,5,599057,31536000,2317.44,,,,,,,4,1,,0.0
566,566,599057,5,621924,31536000,3217.81,,,,,,,1,4,,0.0
567,567,552988,5,568093,31536000,10786.0,,,,,,,4,1,,0.0
568,568,568093,5,527449,31536000,423.63,,,,,,,1,4,,0.0
569,569,568093,5,459381,31536000,1351.29,,,,,,,1,4,,0.0
570,570,568093,5,595298,31536000,6929.54,,,,,,,1,4,,0.0
571,571,568093,5,466907,31536000,462.8,,,,,,,1,4,,0.0
572,572,568093,5,589943,31536000,2057.6,,,,,,,1,4,,0.0
573,573,568093,5,577992,31536000,5152.55,,,,,,,1,4,,0.0
574,574,568093,5,580426,31536000,276.35,,,,,,,1,4,,0.0
575,575,568093,5,595581,31536000,3047.35,,,,,,,1,4,,0.0
576,576,568093,5,616315,31536000,4470.49,,,,,,,1,4,,0.0
577,577,568093,5,503701,31536000,1230.07,,,,,,,1,4,,0.0
578,578,568093,5,632961,31536000,55.9,,,,,,,1,4,,0.0
579,579,568093,5,473173,31536000,1626.36,,,,,,,1,4,,0.0
580,580,568093,5,620120,31536000,2087.31,,,,,,,1,4,,0.0
581,581,568093,5,621924,31536000,1770.99,,,,,,,1,4,,0.0
582,582,510031,5,464459,31536000,453.32,,,,,,,4,1,,0.0
583,583,552988,5,464459,31536000,51492.7,,,,,,,4,1,,0.0
584,584,464459,5,567195,31536000,1167.72,,,,,,,1,4,,0.0
585,585,464459,5,527449,31536000,534.04,,,,,,,1,4,,0.0
586,586,464459,5,459381,31536000,1702.6,,,,,,,1,4,,0.0
587,587,464459,5,595298,31536000,2991.42,,,,,,,1,4,,0.0
588,588,464459,5,466907,31536000,1601.52,,,,,,,1,4,,0.0
589,589,464459,5,577992,31536000,3184.21,,,,,,,1,4,,0.0
590,590,464459,5,537281,31536000,1845.19,,,,,,,1,4,,0.0
591,591,464459,5,523927,31536000,1784.67,,,,,,,1,4,,0.0
592,592,464459,5,595581,31536000,4296.71,,,,,,,1,4,,0.0
593,593,464459,5,616315,31536000,3261.55,,,,,,,1,4,,0.0
594,594,464459,5,571970,31536000,763.63,,,,,,,1,4,,0.0
595,595,464459,5,632961,31536000,699.42,,,,,,,1,4,,0.0
596,596,464459,5,473173,31536000,1690.82,,,,,,,1,4,,0.0
597,597,620120,5,464459,31536000,3442.81,,,,,,,4,1,,0.0
598,598,464459,5,575030,31536000,6587.65,,,,,,,1,4,,0.0
599,599,464459,5,621924,31536000,5937.72,,,,,,,1,4,,0.0
600,600,635665,5,640784,31536000,197.19,,,,,,,1,4,47.0,75.62143698742486
601,601,510031,5,635665,31536000,1388.78,,,,,,,4,1,,0.0
602,602,552988,5,635665,31536000,30019.9,,,,,,,4,1,,0.0
603,603,635665,5,567195,31536000,2739.08,,,,,,,1,4,47.0,75.62143698742486
604,604,635665,5,527449,31536000,39.34,,,,,,,1,4,47.0,75.62143698742486
605,605,635665,5,459381,31536000,1448.59,,,,,,,1,4,47.0,75.62143698742486
606,606,635665,5,595298,31536000,4378.48,,,,,,,1,4,47.0,75.62143698742486
607,607,635665,5,577992,31536000,3826.62,,,,,,,1,4,47.0,75.62143698742486
608,608,635665,5,537281,31536000,377.01,,,,,,,1,4,47.0,75.62143698742486
609,609,635665,5,580426,31536000,698.17,,,,,,,1,4,47.0,75.62143698742486
610,610,635665,5,642329,31536000,1576.24,,,,,,,1,4,47.0,75.62143698742486
611,611,635665,5,503701,31536000,5382.42,,,,,,,1,4,47.0,75.62143698742486
612,612,635665,5,632961,31536000,896.83,,,,,,,1,4,47.0,75.62143698742486
613,613,635665,5,473173,31536000,4052.61,,,,,,,1,4,47.0,75.62143698742486
614,614,635665,5,620120,31536000,5472.26,,,,,,,1,4,47.0,75.62143698742486
615,615,635665,5,575030,31536000,34041.9,,,,,,,1,4,47.0,75.62143698742486
616,616,635665,5,621924,31536000,461.46,,,,,,,1,4,47.0,75.62143698742486
617,617,510031,5,474199,31536000,556.31,,,,,,,4,1,,0.0
618,618,552988,5,474199,31536000,7508.97,,,,,,,4,1,,0.0
619,619,474199,5,567195,31536000,195.8,,,,,,,1,4,,0.0
620,620,474199,5,527449,31536000,619.57,,,,,,,1,4,,0.0
621,621,474199,5,459381,31536000,199.86,,,,,,,1,4,,0.0
622,622,474199,5,595298,31536000,900.45,,,,,,,1,4,,0.0
623,623,474199,5,589943,31536000,1383.94,,,,,,,1,4,,0.0
624,624,474199,5,577992,31536000,134.4,,,,,,,1,4,,0.0
625,625,474199,5,537281,31536000,101.17,,,,,,,1,4,,0.0
626,626,474199,5,580426,31536000,739.24,,,,,,,1,4,,0.0
627,627,474199,5,595581,31536000,314.86,,,,,,,1,4,,0.0
628,628,474199,5,642329,31536000,229.05,,,,,,,1,4,,0.0
629,629,474199,5,571970,31536000,134.02,,,,,,,1,4,,0.0
630,630,474199,5,473173,31536000,826.39,,,,,,,1,4,,0.0
631,631,620120,5,474199,31536000,500.51,,,,,,,4,1,,0.0
632,632,474199,5,575030,31536000,3106.61,,,,,,,1,4,,0.0
633,633,510031,5,475130,31536000,1288.3,,,,,,,4,1,,0.0
634,634,552988,5,475130,31536000,10098.5,,,,,,,4,1,,0.0
635,635,475130,5,527449,31536000,296.73,,,,,,,1,4,657187.0,66.41061775810357
636,636,475130,5,459381,31536000,464.59,,,,,,,1,4,657187.0,66.41061775810357
637,637,475130,5,595298,31536000,760.17,,,,,,,1,4,657187.0,66.41061775810357
638,638,475130,5,466907,31536000,750.34,,,,,,,1,4,657187.0,66.41061775810357
639,639,475130,5,589943,31536000,2085.7,,,,,,,1,4,657187.0,66.41061775810357
640,640,475130,5,577992,31536000,48.06,,,,,,,1,4,657187.0,66.41061775810357
641,641,475130,5,537281,31536000,227.9,,,,,,,1,4,657187.0,66.41061775810357
642,642,475130,5,523927,31536000,873.6,,,,,,,1,4,657187.0,66.41061775810357
643,643,475130,5,580426,31536000,606.11,,,,,,,1,4,657187.0,66.41061775810357
644,644,475130,5,595581,31536000,923.51,,,,,,,1,4,657187.0,66.41061775810357
645,645,475130,5,616315,31536000,691.64,,,,,,,1,4,657187.0,66.41061775810357
646,646,475130,5,642329,31536000,233.2,,,,,,,1,4,657187.0,66.41061775810357
647,647,475130,5,503701,31536000,1402.55,,,,,,,1,4,657187.0,66.41061775810357
648,648,475130,5,571970,31536000,32.31,,,,,,,1,4,657187.0,66.41061775810357
649,649,475130,5,632961,31536000,136.86,,,,,,,1,4,657187.0,66.41061775810357
650,650,475130,5,473173,31536000,1083.35,,,,,,,1,4,657187.0,66.41061775810357
651,651,475130,5,620120,31536000,598.5,,,,,,,1,4,657187.0,66.41061775810357
652,652,552988,5,596193,31536000,7055.78,,,,,,,4,1,,0.0
653,653,596193,5,527449,31536000,25.88,,,,,,,1,4,40.0,53.53490237646494
654,654,596193,5,459381,31536000,498.56,,,,,,,1,4,40.0,53.53490237646494
655,655,596193,5,595298,31536000,3494.46,,,,,,,1,4,40.0,53.53490237646494
656,656,596193,5,466907,31536000,215.51,,,,,,,1,4,40.0,53.53490237646494
657,657,596193,5,577992,31536000,5715.91,,,,,,,1,4,40.0,53.53490237646494
658,658,596193,5,523927,31536000,80.41,,,,,,,1,4,40.0,53.53490237646494
659,659,596193,5,580426,31536000,114.24,,,,,,,1,4,40.0,53.53490237646494
660,660,596193,5,642329,31536000,762.62,,,,,,,1,4,40.0,53.53490237646494
661,661,596193,5,503701,31536000,3200.76,,,,,,,1,4,40.0,53.53490237646494
662,662,596193,5,571970,31536000,5.5,,,,,,,1,4,40.0,53.53490237646494
663,663,596193,5,632961,31536000,505.63,,,,,,,1,4,40.0,53.53490237646494
664,664,596193,5,473173,31536000,512.2,,,,,,,1,4,40.0,53.53490237646494
665,665,596193,5,620120,31536000,1413.95,,,,,,,1,4,40.0,53.53490237646494
666,666,596193,5,575030,31536000,740.74,,,,,,,1,4,40.0,53.53490237646494
667,667,596193,5,621924,31536000,5373.2,,,,,,,1,4,40.0,53.53490237646494
668,668,552988,5,576641,31536000,2326.88,,,,,,,4,1,,0.0
669,669,576641,5,567195,31536000,101.93,,,,,,,1,4,,0.0
670,670,576641,5,527449,31536000,57.7,,,,,,,1,4,,0.0
671,671,576641,5,459381,31536000,385.35,,,,,,,1,4,,0.0
672,672,576641,5,595298,31536000,1277.17,,,,,,,1,4,,0.0
673,673,576641,5,466907,31536000,607.0,,,,,,,1,4,,0.0
674,674,576641,5,589943,31536000,564.31,,,,,,,1,4,,0.0
675,675,576641,5,537281,31536000,276.28,,,,,,,1,4,,0.0
676,676,576641,5,523927,31536000,496.73,,,,,,,1,4,,0.0
677,677,576641,5,580426,31536000,480.73,,,,,,,1,4,,0.0
678,678,576641,5,595581,31536000,878.76,,,,,,,1,4,,0.0
679,679,576641,5,503701,31536000,1617.76,,,,,,,1,4,,0.0
680,680,576641,5,571970,31536000,62.22,,,,,,,1,4,,0.0
681,681,576641,5,473173,31536000,349.8,,,,,,,1,4,,0.0
682,682,576641,5,620120,31536000,532.92,,,,,,,1,4,,0.0
683,683,576641,5,575030,31536000,367.71,,,,,,,1,4,,0.0
684,684,550361,5,630626,31536000,2681.86,,,,,,,1,4,,0.0
685,685,550361,5,536346,31536000,1078.75,,,,,,,1,4,,0.0
686,686,552988,5,550361,31536000,12586.9,,,,,,,4,1,,0.0
687,687,550361,5,567195,31536000,2912.89,,,,,,,1,4,,0.0
688,688,550361,5,527449,31536000,114.69,,,,,,,1,4,,0.0
689,689,550361,5,459381,31536000,235.5,,,,,,,1,4,,0.0
690,690,550361,5,595298,31536000,1135.49,,,,,,,1,4,,0.0
691,691,550361,5,589943,31536000,2474.91,,,,,,,1,4,,0.0
692,692,550361,5,537281,31536000,489.54,,,,,,,1,4,,0.0
693,693,550361,5,523927,31536000,94.05,,,,,,,1,4,,0.0
694,694,550361,5,580426,31536000,382.99,,,,,,,1,4,,0.0
695,695,550361,5,595581,31536000,820.04,,,,,,,1,4,,0.0
696,696,550361,5,642329,31536000,201.32,,,,,,,1,4,,0.0
697,697,550361,5,503701,31536000,1870.79,,,,,,,1,4,,0.0
698,698,550361,5,571970,31536000,152.14,,,,,,,1,4,,0.0
699,699,550361,5,644226,31536000,1378.84,,,,,,,1,4,,0.0
700,700,550361,5,473173,31536000,333.88,,,,,,,1,4,,0.0
701,701,550361,5,620120,31536000,94.43,,,,,,,1,4,,0.0
702,702,550361,5,575030,31536000,3691.55,,,,,,,1,4,,0.0
703,703,550361,5,621924,31536000,626.0,,,,,,,1,4,,0.0
704,704,463777,5,630626,31536000,583.52,,,,,,,1,4,,0.0
705,705,463777,5,536346,31536000,763.66,,,,,,,1,4,,0.0
706,706,510031,5,463777,31536000,226.36,,,,,,,4,1,,0.0
707,707,463777,5,520660,31536000,1823.5,,,,,,,1,4,,0.0
708,708,552988,5,463777,31536000,7392.6,,,,,,,4,1,,0.0
709,709,463777,5,567195,31536000,851.71,,,,,,,1,4,,0.0
710,710,463777,5,527449,31536000,193.02,,,,,,,1,4,,0.0
711,711,463777,5,459381,31536000,436.8,,,,,,,1,4,,0.0
712,712,463777,5,595298,31536000,1409.48,,,,,,,1,4,,0.0
713,713,463777,5,466907,31536000,208.84,,,,,,,1,4,,0.0
714,714,463777,5,589943,31536000,427.55,,,,,,,1,4,,0.0
715,715,463777,5,577992,31536000,4864.11,,,,,,,1,4,,0.0
716,716,463777,5,537281,31536000,474.25,,,,,,,1,4,,0.0
717,717,463777,5,523927,31536000,1561.97,,,,,,,1,4,,0.0
718,718,463777,5,580426,31536000,316.86,,,,,,,1,4,,0.0
719,719,463777,5,595581,31536000,693.07,,,,,,,1,4,,0.0
720,720,463777,5,616315,31536000,1471.99,,,,,,,1,4,,0.0
721,721,463777,5,503701,31536000,1690.67,,,,,,,1,4,,0.0
722,722,463777,5,644226,31536000,205.66,,,,,,,1,4,,0.0
723,723,463777,5,632961,31536000,73.59,,,,,,,1,4,,0.0
724,724,463777,5,473173,31536000,522.83,,,,,,,1,4,,0.0
725,725,620120,5,463777,31536000,168.12,,,,,,,4,1,,0.0
726,726,463777,5,575030,31536000,2870.09,,,,,,,1,4,,0.0
727,727,463777,5,621924,31536000,4575.82,,,,,,,1,4,,0.0
728,728,654763,5,503218,31536000,566.76,,,,,,,1,4,61.0,79.72972402453784
729,729,654763,5,630626,31536000,4412.63,,,,,,,1,4,61.0,79.72972402453784
730,730,510031,5,654763,31536000,999.02,,,,,,,4,1,,0.0
731,731,552988,5,654763,31536000,22959.0,,,,,,,4,1,,0.0
732,732,654763,5,567195,31536000,1941.65,,,,,,,1,4,61.0,79.72972402453784
733,733,654763,5,527449,31536000,399.58,,,,,,,1,4,61.0,79.72972402453784
734,734,654763,5,459381,31536000,613.32,,,,,,,1,4,61.0,79.72972402453784
735,735,654763,5,595298,31536000,3795.32,,,,,,,1,4,61.0,79.72972402453784
736,736,654763,5,466907,31536000,511.93,,,,,,,1,4,61.0,79.72972402453784
737,737,654763,5,589943,31536000,2217.83,,,,,,,1,4,61.0,79.72972402453784
738,738,654763,5,537281,31536000,1069.28,,,,,,,1,4,61.0,79.72972402453784
739,739,654763,5,580426,31536000,169.61,,,,,,,1,4,61.0,79.72972402453784
740,740,654763,5,595581,31536000,1643.03,,,,,,,1,4,61.0,79.72972402453784
741,741,654763,5,642329,31536000,50.58,,,,,,,1,4,61.0,79.72972402453784
742,742,654763,5,503701,31536000,1933.55,,,,,,,1,4,61.0,79.72972402453784
743,743,654763,5,632961,31536000,431.16,,,,,,,1,4,61.0,79.72972402453784
744,744,654763,5,473173,31536000,81.33,,,,,,,1,4,61.0,79.72972402453784
745,745,654763,5,620120,31536000,319.93,,,,,,,1,4,61.0,79.72972402453784
746,746,654763,5,575030,31536000,568.9,,,,,,,1,4,61.0,79.72972402453784
747,747,654763,5,621924,31536000,1537.07,,,,,,,1,4,61.0,79.72972402453784
748,748,529922,5,630626,31536000,6042.72,,,,,,,1,4,580426.0,83.73035635451396
749,749,529922,5,536346,31536000,561.9,,,,,,,1,4,580426.0,83.73035635451396
750,750,529922,5,520660,31536000,1056.71,,,,,,,1,4,580426.0,83.73035635451396
751,751,552988,5,529922,31536000,47106.5,,,,,,,4,1,,0.0
752,752,529922,5,567195,31536000,889.15,,,,,,,1,4,580426.0,83.73035635451396
753,753,529922,5,527449,31536000,233.11,,,,,,,1,4,580426.0,83.73035635451396
754,754,529922,5,459381,31536000,388.16,,,,,,,1,4,580426.0,83.73035635451396
755,755,529922,5,595298,31536000,2032.07,,,,,,,1,4,580426.0,83.73035635451396
756,756,529922,5,466907,31536000,512.78,,,,,,,1,4,580426.0,83.73035635451396
757,757,529922,5,589943,31536000,3011.76,,,,,,,1,4,580426.0,83.73035635451396
758,758,529922,5,577992,31536000,920.72,,,,,,,1,4,580426.0,83.73035635451396
759,759,529922,5,523927,31536000,690.54,,,,,,,1,4,580426.0,83.73035635451396
760,760,529922,5,580426,31536000,481.91,,,,,,,1,4,580426.0,83.73035635451396
761,761,529922,5,595581,31536000,2047.56,,,,,,,1,4,580426.0,83.73035635451396
762,762,529922,5,616315,31536000,1647.79,,,,,,,1,4,580426.0,83.73035635451396
763,763,529922,5,642329,31536000,220.36,,,,,,,1,4,580426.0,83.73035635451396
764,764,529922,5,503701,31536000,3689.19,,,,,,,1,4,580426.0,83.73035635451396
765,765,529922,5,571970,31536000,119.01,,,,,,,1,4,580426.0,83.73035635451396
766,766,529922,5,644226,31536000,1072.89,,,,,,,1,4,580426.0,83.73035635451396
767,767,529922,5,632961,31536000,390.31,,,,,,,1,4,580426.0,83.73035635451396
768,768,529922,5,473173,31536000,1715.33,,,,,,,1,4,580426.0,83.73035635451396
769,769,529922,5,620120,31536000,7263.71,,,,,,,1,4,580426.0,83.73035635451396
770,770,529922,5,575030,31536000,9216.46,,,,,,,1,4,580426.0,83.73035635451396
771,771,529922,5,621924,31536000,1790.27,,,,,,,1,4,580426.0,83.73035635451396
772,772,599063,5,630626,31536000,2267.03,,,,,,,1,4,,0.0
773,773,599063,5,536346,31536000,1307.49,,,,,,,1,4,,0.0
774,774,510031,5,599063,31536000,75.86,,,,,,,4,1,,0.0
775,775,599063,5,520660,31536000,2061.29,,,,,,,1,4,,0.0
776,776,552988,5,599063,31536000,19798.9,,,,,,,4,1,,0.0
777,777,599063,5,567195,31536000,960.36,,,,,,,1,4,,0.0
778,778,599063,5,527449,31536000,54.66,,,,,,,1,4,,0.0
779,779,599063,5,459381,31536000,414.66,,,,,,,1,4,,0.0
780,780,599063,5,595298,31536000,2085.13,,,,,,,1,4,,0.0
781,781,599063,5,606730,31536000,1092.76,,,,,,,1,4,,0.0
782,782,599063,5,589943,31536000,1526.12,,,,,,,1,4,,0.0
783,783,599063,5,577992,31536000,554.65,,,,,,,1,4,,0.0
784,784,599063,5,523927,31536000,1346.45,,,,,,,1,4,,0.0
785,785,599063,5,616315,31536000,1443.58,,,,,,,1,4,,0.0
786,786,599063,5,642329,31536000,581.21,,,,,,,1,4,,0.0
787,787,599063,5,503701,31536000,3459.56,,,,,,,1,4,,0.0
788,788,599063,5,644226,31536000,2836.08,,,,,,,1,4,,0.0
789,789,599063,5,632961,31536000,507.66,,,,,,,1,4,,0.0
790,790,599063,5,473173,31536000,2708.54,,,,,,,1,4,,0.0
791,791,599063,5,620120,31536000,3118.43,,,,,,,1,4,,0.0
792,792,599063,5,621924,31536000,746.42,,,,,,,1,4,,0.0
793,793,622296,5,630626,31536000,5301.05,,,,,,,1,4,,0.0
794,794,622296,5,536346,31536000,942.41,,,,,,,1,4,,0.0
795,795,622296,5,520660,31536000,3331.5,,,,,,,1,4,,0.0
796,796,552988,5,622296,31536000,36123.4,,,,,,,4,1,,0.0
797,797,622296,5,567195,31536000,2796.56,,,,,,,1,4,,0.0
798,798,622296,5,527449,31536000,170.12,,,,,,,1,4,,0.0
799,799,622296,5,459381,31536000,667.4,,,,,,,1,4,,0.0
800,800,622296,5,595298,31536000,567.63,,,,,,,1,4,,0.0
801,801,622296,5,466907,31536000,554.54,,,,,,,1,4,,0.0
802,802,622296,5,589943,31536000,2927.57,,,,,,,1,4,,0.0
803,803,622296,5,577992,31536000,750.85,,,,,,,1,4,,0.0
804,804,622296,5,595581,31536000,2215.35,,,,,,,1,4,,0.0
805,805,622296,5,616315,31536000,1981.13,,,,,,,1,4,,0.0
806,806,622296,5,503701,31536000,2446.33,,,,,,,1,4,,0.0
807,807,622296,5,571970,31536000,164.15,,,,,,,1,4,,0.0
808,808,622296,5,644226,31536000,623.17,,,,,,,1,4,,0.0
809,809,622296,5,632961,31536000,229.1,,,,,,,1,4,,0.0
810,810,622296,5,473173,31536000,347.59,,,,,,,1,4,,0.0
811,811,622296,5,620120,31536000,4579.47,,,,,,,1,4,,0.0
812,812,622296,5,575030,31536000,965.86,,,,,,,1,4,,0.0
813,813,622296,5,621924,31536000,19.92,,,,,,,1,4,,0.0
814,814,512397,5,640784,31536000,1119.13,,,,,,,1,4,27.0,60.60458879225019
815,815,512397,5,630626,31536000,6106.78,,,,,,,1,4,27.0,60.60458879225019
816,816,512397,5,536346,31536000,881.23,,,,,,,1,4,27.0,60.60458879225019
817,817,512397,5,520660,31536000,4200.84,,,,,,,1,4,27.0,60.60458879225019
818,818,552988,5,512397,31536000,32518.9,,,,,,,4,1,,0.0
819,819,512397,5,567195,31536000,4880.51,,,,,,,1,4,27.0,60.60458879225019
820,820,512397,5,527449,31536000,343.32,,,,,,,1,4,27.0,60.60458879225019
821,821,512397,5,459381,31536000,993.54,,,,,,,1,4,27.0,60.60458879225019
822,822,512397,5,595298,31536000,2840.81,,,,,,,1,4,27.0,60.60458879225019
823,823,512397,5,466907,31536000,711.5,,,,,,,1,4,27.0,60.60458879225019
824,824,512397,5,606730,31536000,1254.79,,,,,,,1,4,27.0,60.60458879225019
825,825,512397,5,577992,31536000,739.49,,,,,,,1,4,27.0,60.60458879225019
826,826,512397,5,537281,31536000,732.21,,,,,,,1,4,27.0,60.60458879225019
827,827,512397,5,523927,31536000,3252.44,,,,,,,1,4,27.0,60.60458879225019
828,828,512397,5,595581,31536000,6308.05,,,,,,,1,4,27.0,60.60458879225019
829,829,512397,5,616315,31536000,321.43,,,,,,,1,4,27.0,60.60458879225019
830,830,512397,5,642329,31536000,1180.66,,,,,,,1,4,27.0,60.60458879225019
831,831,512397,5,571970,31536000,22.79,,,,,,,1,4,27.0,60.60458879225019
832,832,512397,5,644226,31536000,1984.33,,,,,,,1,4,27.0,60.60458879225019
833,833,512397,5,632961,31536000,913.17,,,,,,,1,4,27.0,60.60458879225019
834,834,512397,5,473173,31536000,4962.24,,,,,,,1,4,27.0,60.60458879225019
835,835,512397,5,620120,31536000,4388.86,,,,,,,1,4,27.0,60.60458879225019
836,836,512397,5,575030,31536000,11068.6,,,,,,,1,4,27.0,60.60458879225019
837,837,512397,5,621924,31536000,2487.82,,,,,,,1,4,27.0,60.60458879225019
838,838,493044,5,630626,31536000,5087.5,,,,,,,1,4,,0.0
839,839,493044,5,536346,31536000,1472.52,,,,,,,1,4,,0.0
840,840,493044,5,520660,31536000,822.4,,,,,,,1,4,,0.0
841,841,552988,5,493044,31536000,18919.4,,,,,,,4,1,,0.0
842,842,493044,5,567195,31536000,1684.01,,,,,,,1,4,,0.0
843,843,493044,5,527449,31536000,377.6,,,,,,,1,4,,0.0
844,844,493044,5,459381,31536000,224.81,,,,,,,1,4,,0.0
845,845,493044,5,595298,31536000,1684.21,,,,,,,1,4,,0.0
846,846,493044,5,466907,31536000,658.91,,,,,,,1,4,,0.0
847,847,493044,5,537281,31536000,1094.45,,,,,,,1,4,,0.0
848,848,493044,5,523927,31536000,75.77,,,,,,,1,4,,0.0
849,849,493044,5,580426,31536000,130.79,,,,,,,1,4,,0.0
850,850,493044,5,595581,31536000,1412.76,,,,,,,1,4,,0.0
851,851,493044,5,642329,31536000,125.63,,,,,,,1,4,,0.0
852,852,493044,5,503701,31536000,2554.09,,,,,,,1,4,,0.0
853,853,493044,5,644226,31536000,1702.58,,,,,,,1,4,,0.0
854,854,493044,5,632961,31536000,45.08,,,,,,,1,4,,0.0
855,855,493044,5,473173,31536000,1858.42,,,,,,,1,4,,0.0
856,856,493044,5,620120,31536000,774.25,,,,,,,1,4,,0.0
857,857,493044,5,575030,31536000,7441.46,,,,,,,1,4,,0.0
858,858,493044,5,621924,31536000,1167.94,,,,,,,1,4,,0.0
859,859,552988,5,592414,31536000,49976.2,,,,,,,4,1,,0.0
860,860,592414,5,567195,31536000,5063.82,,,,,,,1,4,42.0,77.33857266543606
861,861,592414,5,527449,31536000,576.89,,,,,,,1,4,42.0,77.33857266543606
862,862,592414,5,459381,31536000,1265.29,,,,,,,1,4,42.0,77.33857266543606
863,863,592414,5,595298,31536000,3137.79,,,,,,,1,4,42.0,77.33857266543606
864,864,592414,5,466907,31536000,1107.68,,,,,,,1,4,42.0,77.33857266543606
865,865,592414,5,589943,31536000,5302.38,,,,,,,1,4,42.0,77.33857266543606
866,866,592414,5,577992,31536000,1441.09,,,,,,,1,4,42.0,77.33857266543606
867,867,592414,5,537281,31536000,720.36,,,,,,,1,4,42.0,77.33857266543606
868,868,592414,5,523927,31536000,4573.48,,,,,,,1,4,42.0,77.33857266543606
869,869,592414,5,580426,31536000,483.1,,,,,,,1,4,42.0,77.33857266543606
870,870,592414,5,595581,31536000,2658.66,,,,,,,1,4,42.0,77.33857266543606
871,871,592414,5,616315,31536000,3429.01,,,,,,,1,4,42.0,77.33857266543606
872,872,592414,5,642329,31536000,1882.53,,,,,,,1,4,42.0,77.33857266543606
873,873,592414,5,503701,31536000,2522.31,,,,,,,1,4,42.0,77.33857266543606
874,874,592414,5,571970,31536000,243.81,,,,,,,1,4,42.0,77.33857266543606
875,875,592414,5,473173,31536000,725.17,,,,,,,1,4,42.0,77.33857266543606
876,876,620120,5,592414,31536000,5471.99,,,,,,,4,1,,0.0
877,877,510031,5,575704,31536000,596.72,,,,,,,4,1,,0.0
878,878,552988,5,575704,31536000,31934.9,,,,,,,4,1,,0.0
879,879,575704,5,527449,31536000,749.74,,,,,,,1,4,55.0,76.3920113050213
880,880,575704,5,459381,31536000,2391.69,,,,,,,1,4,55.0,76.3920113050213
881,881,575704,5,595298,31536000,4273.66,,,,,,,1,4,55.0,76.3920113050213
882,882,575704,5,606730,31536000,196.03,,,,,,,1,4,55.0,76.3920113050213
883,883,575704,5,589943,31536000,9784.56,,,,,,,1,4,55.0,76.3920113050213
884,884,575704,5,537281,31536000,1557.66,,,,,,,1,4,55.0,76.3920113050213
885,885,575704,5,523927,31536000,1911.13,,,,,,,1,4,55.0,76.3920113050213
886,886,575704,5,580426,31536000,693.04,,,,,,,1,4,55.0,76.3920113050213
887,887,575704,5,595581,31536000,4613.15,,,,,,,1,4,55.0,76.3920113050213
888,888,575704,5,503701,31536000,2660.68,,,,,,,1,4,55.0,76.3920113050213
889,889,575704,5,632961,31536000,849.79,,,,,,,1,4,55.0,76.3920113050213
890,890,575704,5,473173,31536000,3479.68,,,,,,,1,4,55.0,76.3920113050213
891,891,575704,5,620120,31536000,2255.94,,,,,,,1,4,55.0,76.3920113050213
892,892,510031,5,654981,31536000,304.79,,,,,,,4,1,,0.0
893,893,552988,5,654981,31536000,10753.8,,,,,,,4,1,,0.0
894,894,654981,5,567195,31536000,1787.56,,,,,,,1,4,60.0,76.00901891628091
895,895,654981,5,527449,31536000,558.05,,,,,,,1,4,60.0,76.00901891628091
896,896,654981,5,459381,31536000,1805.45,,,,,,,1,4,60.0,76.00901891628091
897,897,654981,5,595298,31536000,1269.47,,,,,,,1,4,60.0,76.00901891628091
898,898,654981,5,466907,31536000,655.88,,,,,,,1,4,60.0,76.00901891628091
899,899,654981,5,577992,31536000,5306.54,,,,,,,1,4,60.0,76.00901891628091
900,900,654981,5,537281,31536000,244.2,,,,,,,1,4,60.0,76.00901891628091
901,901,654981,5,523927,31536000,2434.08,,,,,,,1,4,60.0,76.00901891628091
902,902,654981,5,580426,31536000,386.83,,,,,,,1,4,60.0,76.00901891628091
903,903,654981,5,595581,31536000,986.55,,,,,,,1,4,60.0,76.00901891628091
904,904,654981,5,503701,31536000,586.73,,,,,,,1,4,60.0,76.00901891628091
905,905,654981,5,571970,31536000,499.85,,,,,,,1,4,60.0,76.00901891628091
906,906,654981,5,632961,31536000,620.87,,,,,,,1,4,60.0,76.00901891628091
907,907,654981,5,473173,31536000,732.43,,,,,,,1,4,60.0,76.00901891628091
908,908,654981,5,620120,31536000,2151.07,,,,,,,1,4,60.0,76.00901891628091
909,909,510031,5,575859,31536000,1267.83,,,,,,,4,1,,0.0
910,910,552988,5,575859,31536000,3304.77,,,,,,,4,1,,0.0
911,911,575859,5,567195,31536000,477.89,,,,,,,1,4,59.0,74.62315605225837
912,912,575859,5,527449,31536000,132.1,,,,,,,1,4,59.0,74.62315605225837
913,913,575859,5,459381,31536000,766.88,,,,,,,1,4,59.0,74.62315605225837
914,914,575859,5,595298,31536000,366.2,,,,,,,1,4,59.0,74.62315605225837
915,915,575859,5,589943,31536000,1168.58,,,,,,,1,4,59.0,74.62315605225837
916,916,575859,5,537281,31536000,2274.47,,,,,,,1,4,59.0,74.62315605225837
917,917,575859,5,523927,31536000,976.38,,,,,,,1,4,59.0,74.62315605225837
918,918,575859,5,580426,31536000,779.37,,,,,,,1,4,59.0,74.62315605225837
919,919,575859,5,595581,31536000,2474.64,,,,,,,1,4,59.0,74.62315605225837
920,920,575859,5,503701,31536000,183.4,,,,,,,1,4,59.0,74.62315605225837
921,921,575859,5,473173,31536000,440.95,,,,,,,1,4,59.0,74.62315605225837
922,922,575859,5,620120,31536000,1543.6,,,,,,,1,4,59.0,74.62315605225837
923,923,575859,5,575030,31536000,9070.65,,,,,,,1,4,59.0,74.62315605225837
924,924,575859,5,621924,31536000,1296.75,,,,,,,1,4,59.0,74.62315605225837
925,925,510031,5,640464,31536000,1163.1,,,,,,,4,1,,0.0
926,926,552988,5,640464,31536000,6292.61,,,,,,,4,1,,0.0
927,927,640464,5,567195,31536000,3406.61,,,,,,,1,4,,0.0
928,928,640464,5,527449,31536000,493.08,,,,,,,1,4,,0.0
929,929,640464,5,459381,31536000,2318.11,,,,,,,1,4,,0.0
930,930,640464,5,595298,31536000,5720.56,,,,,,,1,4,,0.0
931,931,640464,5,466907,31536000,1136.42,,,,,,,1,4,,0.0
932,932,640464,5,589943,31536000,162.29,,,,,,,1,4,,0.0
933,933,640464,5,577992,31536000,7905.27,,,,,,,1,4,,0.0
934,934,640464,5,537281,31536000,20.21,,,,,,,1,4,,0.0
935,935,640464,5,523927,31536000,899.28,,,,,,,1,4,,0.0
936,936,640464,5,580426,31536000,129.52,,,,,,,1,4,,0.0
937,937,640464,5,595581,31536000,1315.33,,,,,,,1,4,,0.0
938,938,640464,5,616315,31536000,4161.23,,,,,,,1,4,,0.0
939,939,640464,5,571970,31536000,426.58,,,,,,,1,4,,0.0
940,940,640464,5,632961,31536000,422.5,,,,,,,1,4,,0.0
941,941,640464,5,473173,31536000,1259.0,,,,,,,1,4,,0.0
942,942,620120,5,640464,31536000,1089.87,,,,,,,4,1,,0.0
943,943,640464,5,621924,31536000,3780.69,,,,,,,1,4,,0.0
944,944,505722,5,503218,31536000,4118.47,,,,,,,1,4,,0.0
945,945,505722,5,630626,31536000,34840.3,,,,,,,1,4,,0.0
946,946,510031,5,505722,31536000,7190.11,,,,,,,4,1,,0.0
947,947,552988,5,505722,31536000,900735.0,,,,,,,4,1,,0.0
948,948,505722,5,567195,31536000,62750.4,,,,,,,1,4,,0.0
949,949,505722,5,527449,31536000,238.75,,,,,,,1,4,,0.0
950,950,505722,5,459381,31536000,1721.87,,,,,,,1,4,,0.0
951,951,505722,5,595298,31536000,6060.91,,,,,,,1,4,,0.0
952,952,505722,5,466907,31536000,4593.29,,,,,,,1,4,,0.0
953,953,505722,5,589943,31536000,20056.8,,,,,,,1,4,,0.0
954,954,505722,5,537281,31536000,1137.66,,,,,,,1,4,,0.0
955,955,505722,5,580426,31536000,3425.98,,,,,,,1,4,,0.0
956,956,505722,5,595581,31536000,11587.2,,,,,,,1,4,,0.0
957,957,505722,5,616315,31536000,14641.3,,,,,,,1,4,,0.0
958,958,505722,5,642329,31536000,11493.8,,,,,,,1,4,,0.0
959,959,505722,5,503701,31536000,12163.6,,,,,,,1,4,,0.0
960,960,505722,5,473173,31536000,8086.96,,,,,,,1,4,,0.0
961,961,505722,5,620120,31536000,9231.82,,,,,,,1,4,,0.0
962,962,505722,5,621924,31536000,9236.96,,,,,,,1,4,,0.0
963,963,517273,5,630626,31536000,18476.7,,,,,,,1,4,33.0,80.95257638009703
964,964,510031,5,517273,31536000,3161.42,,,,,,,4,1,,0.0
965,965,552988,5,517273,31536000,121149.0,,,,,,,4,1,,0.0
966,966,517273,5,527449,31536000,461.18,,,,,,,1,4,33.0,80.95257638009703
967,967,517273,5,459381,31536000,1589.03,,,,,,,1,4,33.0,80.95257638009703
968,968,517273,5,595298,31536000,18128.6,,,,,,,1,4,33.0,80.95257638009703
969,969,517273,5,466907,31536000,3709.53,,,,,,,1,4,33.0,80.95257638009703
970,970,517273,5,589943,31536000,6858.84,,,,,,,1,4,33.0,80.95257638009703
971,971,517273,5,577992,31536000,8669.64,,,,,,,1,4,33.0,80.95257638009703
972,972,517273,5,523927,31536000,1775.55,,,,,,,1,4,33.0,80.95257638009703
973,973,517273,5,580426,31536000,286.56,,,,,,,1,4,33.0,80.95257638009703
974,974,517273,5,595581,31536000,8511.84,,,,,,,1,4,33.0,80.95257638009703
975,975,517273,5,616315,31536000,5037.65,,,,,,,1,4,33.0,80.95257638009703
976,976,517273,5,642329,31536000,3021.52,,,,,,,1,4,33.0,80.95257638009703
977,977,517273,5,503701,31536000,5355.92,,,,,,,1,4,33.0,80.95257638009703
978,978,517273,5,571970,31536000,436.23,,,,,,,1,4,33.0,80.95257638009703
979,979,517273,5,632961,31536000,2229.71,,,,,,,1,4,33.0,80.95257638009703
980,980,517273,5,473173,31536000,1112.61,,,,,,,1,4,33.0,80.95257638009703
981,981,517273,5,620120,31536000,20241.9,,,,,,,1,4,33.0,80.95257638009703
982,982,517273,5,575030,31536000,14630.5,,,,,,,1,4,33.0,80.95257638009703
983,983,517273,5,621924,31536000,1370.28,,,,,,,1,4,33.0,80.95257638009703
984,984,492286,5,630626,31536000,12542.5,,,,,,,1,4,64.0,78.62057537049016
985,985,552988,5,492286,31536000,69256.8,,,,,,,4,1,,0.0
986,986,492286,5,567195,31536000,14538.3,,,,,,,1,4,64.0,78.62057537049016
987,987,492286,5,527449,31536000,883.83,,,,,,,1,4,64.0,78.62057537049016
988,988,492286,5,459381,31536000,1166.8,,,,,,,1,4,64.0,78.62057537049016
989,989,492286,5,595298,31536000,2904.37,,,,,,,1,4,64.0,78.62057537049016
990,990,492286,5,466907,31536000,1376.82,,,,,,,1,4,64.0,78.62057537049016
991,991,492286,5,537281,31536000,598.14,,,,,,,1,4,64.0,78.62057537049016
992,992,492286,5,523927,31536000,5422.26,,,,,,,1,4,64.0,78.62057537049016
993,993,492286,5,595581,31536000,5061.07,,,,,,,1,4,64.0,78.62057537049016
994,994,492286,5,616315,31536000,7666.8,,,,,,,1,4,64.0,78.62057537049016
995,995,492286,5,642329,31536000,905.48,,,,,,,1,4,64.0,78.62057537049016
996,996,492286,5,503701,31536000,4242.92,,,,,,,1,4,64.0,78.62057537049016
997,997,492286,5,571970,31536000,260.88,,,,,,,1,4,64.0,78.62057537049016
998,998,492286,5,632961,31536000,1609.83,,,,,,,1,4,64.0,78.62057537049016
999,999,492286,5,473173,31536000,794.47,,,,,,,1,4,64.0,78.62057537049016
1000,1000,492286,5,620120,31536000,15251.0,,,,,,,1,4,64.0,78.62057537049016
1001,1001,492286,5,575030,31536000,39657.7,,,,,,,1,4,64.0,78.62057537049016
1002,1002,492286,5,621924,31536000,72.49,,,,,,,1,4,64.0,78.62057537049016
1003,1003,636961,5,503218,31536000,1323.6,,,,,,,1,4,,0.0
1004,1004,636961,5,630626,31536000,3939.83,,,,,,,1,4,,0.0
1005,1005,552988,5,636961,31536000,5807.39,,,,,,,4,1,,0.0
1006,1006,636961,5,567195,31536000,2846.66,,,,,,,1,4,,0.0
1007,1007,636961,5,527449,31536000,884.99,,,,,,,1,4,,0.0
1008,1008,636961,5,459381,31536000,2423.74,,,,,,,1,4,,0.0
1009,1009,636961,5,595298,31536000,375.3,,,,,,,1,4,,0.0
1010,1010,636961,5,466907,31536000,587.83,,,,,,,1,4,,0.0
1011,1011,636961,5,589943,31536000,0.46,,,,,,,1,4,,0.0
1012,1012,636961,5,577992,31536000,450.03,,,,,,,1,4,,0.0
1013,1013,636961,5,537281,31536000,274.65,,,,,,,1,4,,0.0
1014,1014,636961,5,523927,31536000,3215.16,,,,,,,1,4,,0.0
1015,1015,636961,5,580426,31536000,76.17,,,,,,,1,4,,0.0
1016,1016,636961,5,595581,31536000,917.55,,,,,,,1,4,,0.0
1017,1017,636961,5,642329,31536000,5236.45,,,,,,,1,4,,0.0
1018,1018,636961,5,503701,31536000,2976.51,,,,,,,1,4,,0.0
1019,1019,636961,5,571970,31536000,559.3,,,,,,,1,4,,0.0
1020,1020,636961,5,473173,31536000,410.44,,,,,,,1,4,,0.0
1021,1021,620120,5,636961,31536000,3209.39,,,,,,,4,1,,0.0
1022,1022,636961,5,621924,31536000,2524.68,,,,,,,1,4,,0.0
1023,1023,570411,5,630626,31536000,15868.4,,,,,,,1,4,,0.0
1024,1024,570411,5,536346,31536000,5580.8,,,,,,,1,4,,0.0
1025,1025,510031,5,570411,31536000,209.3,,,,,,,4,1,,0.0
1026,1026,570411,5,520660,31536000,5688.59,,,,,,,1,4,,0.0
1027,1027,552988,5,570411,31536000,76722.1,,,,,,,4,1,,0.0
1028,1028,570411,5,567195,31536000,17179.0,,,,,,,1,4,,0.0
1029,1029,570411,5,527449,31536000,574.26,,,,,,,1,4,,0.0
1030,1030,570411,5,459381,31536000,1991.54,,,,,,,1,4,,0.0
1031,1031,570411,5,595298,31536000,2665.72,,,,,,,1,4,,0.0
1032,1032,570411,5,466907,31536000,690.53,,,,,,,1,4,,0.0
1033,1033,570411,5,577992,31536000,1689.51,,,,,,,1,4,,0.0
1034,1034,570411,5,580426,31536000,1317.79,,,,,,,1,4,,0.0
1035,1035,570411,5,595581,31536000,3426.73,,,,,,,1,4,,0.0
1036,1036,570411,5,503701,31536000,2200.13,,,,,,,1,4,,0.0
1037,1037,570411,5,571970,31536000,578.66,,,,,,,1,4,,0.0
1038,1038,570411,5,644226,31536000,4046.65,,,,,,,1,4,,0.0
1039,1039,570411,5,473173,31536000,985.43,,,,,,,1,4,,0.0
1040,1040,570411,5,620120,31536000,12330.7,,,,,,,1,4,,0.0
1041,1041,570411,5,575030,31536000,5599.51,,,,,,,1,4,,0.0
1042,1042,570411,5,621924,31536000,2276.97,,,,,,,1,4,,0.0
1043,1043,510031,5,623295,31536000,467.09,,,,,,,4,1,,0.0
1044,1044,552988,5,623295,31536000,11546.5,,,,,,,4,1,,0.0
1045,1045,623295,5,567195,31536000,699.55,,,,,,,1,4,43.0,62.3051085963226
1046,1046,623295,5,527449,31536000,182.71,,,,,,,1,4,43.0,62.3051085963226
1047,1047,623295,5,459381,31536000,216.96,,,,,,,1,4,43.0,62.3051085963226
1048,1048,623295,5,595298,31536000,785.52,,,,,,,1,4,43.0,62.3051085963226
1049,1049,623295,5,466907,31536000,656.77,,,,,,,1,4,43.0,62.3051085963226
1050,1050,623295,5,589943,31536000,1949.02,,,,,,,1,4,43.0,62.3051085963226
1051,1051,623295,5,577992,31536000,325.56,,,,,,,1,4,43.0,62.3051085963226
1052,1052,623295,5,537281,31536000,691.26,,,,,,,1,4,43.0,62.3051085963226
1053,1053,623295,5,523927,31536000,1906.6,,,,,,,1,4,43.0,62.3051085963226
1054,1054,623295,5,595581,31536000,802.67,,,,,,,1,4,43.0,62.3051085963226
1055,1055,623295,5,503701,31536000,1189.79,,,,,,,1,4,43.0,62.3051085963226
1056,1056,623295,5,473173,31536000,1553.68,,,,,,,1,4,43.0,62.3051085963226
1057,1057,623295,5,620120,31536000,1131.2,,,,,,,1,4,43.0,62.3051085963226
1058,1058,623295,5,621924,31536000,1099.51,,,,,,,1,4,43.0,62.3051085963226
1059,1059,492777,5,630626,31536000,2838.79,,,,,,,1,4,56.0,64.86181679721248
1060,1060,552988,5,492777,31536000,9732.82,,,,,,,4,1,,0.0
1061,1061,492777,5,567195,31536000,1073.08,,,,,,,1,4,56.0,64.86181679721248
1062,1062,492777,5,527449,31536000,124.26,,,,,,,1,4,56.0,64.86181679721248
1063,1063,492777,5,459381,31536000,360.75,,,,,,,1,4,56.0,64.86181679721248
1064,1064,492777,5,595298,31536000,611.56,,,,,,,1,4,56.0,64.86181679721248
1065,1065,492777,5,466907,31536000,128.47,,,,,,,1,4,56.0,64.86181679721248
1066,1066,492777,5,589943,31536000,1598.66,,,,,,,1,4,56.0,64.86181679721248
1067,1067,492777,5,580426,31536000,185.63,,,,,,,1,4,56.0,64.86181679721248
1068,1068,492777,5,616315,31536000,535.22,,,,,,,1,4,56.0,64.86181679721248
1069,1069,492777,5,642329,31536000,815.28,,,,,,,1,4,56.0,64.86181679721248
1070,1070,492777,5,503701,31536000,1619.79,,,,,,,1,4,56.0,64.86181679721248
1071,1071,492777,5,571970,31536000,146.65,,,,,,,1,4,56.0,64.86181679721248
1072,1072,492777,5,632961,31536000,147.32,,,,,,,1,4,56.0,64.86181679721248
1073,1073,492777,5,473173,31536000,1461.98,,,,,,,1,4,56.0,64.86181679721248
1074,1074,620120,5,492777,31536000,947.58,,,,,,,4,1,,0.0
1075,1075,492777,5,575030,31536000,6491.57,,,,,,,1,4,56.0,64.86181679721248
1076,1076,492777,5,621924,31536000,1518.45,,,,,,,1,4,56.0,64.86181679721248
1077,1077,629717,5,630626,31536000,4249.15,,,,,,,1,4,,0.0
1078,1078,510031,5,629717,31536000,1091.21,,,,,,,4,1,,0.0
1079,1079,552988,5,629717,31536000,21204.9,,,,,,,4,1,,0.0
1080,1080,629717,5,567195,31536000,2015.43,,,,,,,1,4,,0.0
1081,1081,629717,5,527449,31536000,73.2,,,,,,,1,4,,0.0
1082,1082,629717,5,459381,31536000,889.2,,,,,,,1,4,,0.0
1083,1083,629717,5,595298,31536000,2575.65,,,,,,,1,4,,0.0
1084,1084,629717,5,466907,31536000,312.96,,,,,,,1,4,,0.0
1085,1085,629717,5,589943,31536000,2726.24,,,,,,,1,4,,0.0
1086,1086,629717,5,577992,31536000,1563.82,,,,,,,1,4,,0.0
1087,1087,629717,5,523927,31536000,654.51,,,,,,,1,4,,0.0
1088,1088,629717,5,580426,31536000,245.42,,,,,,,1,4,,0.0
1089,1089,629717,5,616315,31536000,2484.21,,,,,,,1,4,,0.0
1090,1090,629717,5,642329,31536000,192.93,,,,,,,1,4,,0.0
1091,1091,629717,5,503701,31536000,1856.92,,,,,,,1,4,,0.0
1092,1092,629717,5,632961,31536000,281.98,,,,,,,1,4,,0.0
1093,1093,629717,5,473173,31536000,478.91,,,,,,,1,4,,0.0
1094,1094,629717,5,620120,31536000,843.46,,,,,,,1,4,,0.0
1095,1095,629717,5,575030,31536000,4168.46,,,,,,,1,4,,0.0
1096,1096,629717,5,621924,31536000,296.54,,,,,,,1,4,,0.0
1097,1097,502591,5,630626,31536000,4144.78,,,,,,,1,4,537281.0,81.82989026948383
1098,1098,502591,5,536346,31536000,1101.4,,,,,,,1,4,537281.0,81.82989026948383
1099,1099,510031,5,502591,31536000,525.02,,,,,,,4,1,,0.0
1100,1100,502591,5,520660,31536000,4874.08,,,,,,,1,4,537281.0,81.82989026948383
1101,1101,552988,5,502591,31536000,54333.1,,,,,,,4,1,,0.0
1102,1102,502591,5,567195,31536000,536.87,,,,,,,1,4,537281.0,81.82989026948383
1103,1103,502591,5,527449,31536000,768.82,,,,,,,1,4,537281.0,81.82989026948383
1104,1104,502591,5,459381,31536000,382.45,,,,,,,1,4,537281.0,81.82989026948383
1105,1105,502591,5,595298,31536000,4093.29,,,,,,,1,4,537281.0,81.82989026948383
1106,1106,502591,5,466907,31536000,631.99,,,,,,,1,4,537281.0,81.82989026948383
1107,1107,502591,5,577992,31536000,1369.2,,,,,,,1,4,537281.0,81.82989026948383
1108,1108,502591,5,537281,31536000,1399.54,,,,,,,1,4,537281.0,81.82989026948383
1109,1109,502591,5,523927,31536000,266.52,,,,,,,1,4,537281.0,81.82989026948383
1110,1110,502591,5,595581,31536000,2099.77,,,,,,,1,4,537281.0,81.82989026948383
1111,1111,502591,5,616315,31536000,2810.98,,,,,,,1,4,537281.0,81.82989026948383
1112,1112,502591,5,503701,31536000,5503.51,,,,,,,1,4,537281.0,81.82989026948383
1113,1113,502591,5,571970,31536000,218.21,,,,,,,1,4,537281.0,81.82989026948383
1114,1114,502591,5,644226,31536000,814.8,,,,,,,1,4,537281.0,81.82989026948383
1115,1115,502591,5,632961,31536000,488.63,,,,,,,1,4,537281.0,81.82989026948383
1116,1116,502591,5,473173,31536000,669.18,,,,,,,1,4,537281.0,81.82989026948383
1117,1117,502591,5,620120,31536000,9247.45,,,,,,,1,4,537281.0,81.82989026948383
1118,1118,502591,5,621924,31536000,2572.76,,,,,,,1,4,537281.0,81.82989026948383
1119,1119,569820,5,640784,31536000,273.24,,,,,,,1,4,621924.0,82.82215866135596
1120,1120,569820,5,630626,31536000,8464.39,,,,,,,1,4,621924.0,82.82215866135596
1121,1121,510031,5,569820,31536000,1702.37,,,,,,,4,1,,0.0
1122,1122,552988,5,569820,31536000,202871.0,,,,,,,4,1,,0.0
1123,1123,569820,5,567195,31536000,2942.39,,,,,,,1,4,621924.0,82.82215866135596
1124,1124,569820,5,527449,31536000,87.4,,,,,,,1,4,621924.0,82.82215866135596
1125,1125,569820,5,459381,31536000,629.72,,,,,,,1,4,621924.0,82.82215866135596
1126,1126,569820,5,595298,31536000,3574.6,,,,,,,1,4,621924.0,82.82215866135596
1127,1127,569820,5,466907,31536000,808.95,,,,,,,1,4,621924.0,82.82215866135596
1128,1128,569820,5,606730,31536000,534.52,,,,,,,1,4,621924.0,82.82215866135596
1129,1129,569820,5,589943,31536000,5383.92,,,,,,,1,4,621924.0,82.82215866135596
1130,1130,569820,5,537281,31536000,647.27,,,,,,,1,4,621924.0,82.82215866135596
1131,1131,569820,5,523927,31536000,3093.55,,,,,,,1,4,621924.0,82.82215866135596
1132,1132,569820,5,580426,31536000,2682.75,,,,,,,1,4,621924.0,82.82215866135596
1133,1133,569820,5,595581,31536000,2875.99,,,,,,,1,4,621924.0,82.82215866135596
1134,1134,569820,5,642329,31536000,1345.06,,,,,,,1,4,621924.0,82.82215866135596
1135,1135,569820,5,503701,31536000,3718.44,,,,,,,1,4,621924.0,82.82215866135596
1136,1136,569820,5,571970,31536000,604.29,,,,,,,1,4,621924.0,82.82215866135596
1137,1137,569820,5,632961,31536000,1512.55,,,,,,,1,4,621924.0,82.82215866135596
1138,1138,569820,5,473173,31536000,97.31,,,,,,,1,4,621924.0,82.82215866135596
1139,1139,569820,5,620120,31536000,73919.0,,,,,,,1,4,621924.0,82.82215866135596
1140,1140,569820,5,575030,31536000,7133.86,,,,,,,1,4,621924.0,82.82215866135596
1141,1141,569820,5,621924,31536000,6704.79,,,,,,,1,4,621924.0,82.82215866135596
1142,1142,591682,5,640784,31536000,1502.74,,,,,,,1,4,,0.0
1143,1143,591682,5,630626,31536000,5662.73,,,,,,,1,4,,0.0
1144,1144,591682,5,536346,31536000,678.13,,,,,,,1,4,,0.0
1145,1145,591682,5,520660,31536000,986.71,,,,,,,1,4,,0.0
1146,1146,552988,5,591682,31536000,25608.4,,,,,,,4,1,,0.0
1147,1147,591682,5,527449,31536000,218.03,,,,,,,1,4,,0.0
1148,1148,591682,5,459381,31536000,622.49,,,,,,,1,4,,0.0
1149,1149,591682,5,595298,31536000,3245.92,,,,,,,1,4,,0.0
1150,1150,591682,5,466907,31536000,946.77,,,,,,,1,4,,0.0
1151,1151,591682,5,589943,31536000,1180.7,,,,,,,1,4,,0.0
1152,1152,591682,5,537281,31536000,712.92,,,,,,,1,4,,0.0
1153,1153,591682,5,523927,31536000,2053.41,,,,,,,1,4,,0.0
1154,1154,591682,5,580426,31536000,220.8,,,,,,,1,4,,0.0
1155,1155,591682,5,595581,31536000,2019.74,,,,,,,1,4,,0.0
1156,1156,591682,5,616315,31536000,943.81,,,,,,,1,4,,0.0
1157,1157,591682,5,642329,31536000,599.59,,,,,,,1,4,,0.0
1158,1158,591682,5,644226,31536000,1694.31,,,,,,,1,4,,0.0
1159,1159,591682,5,632961,31536000,806.75,,,,,,,1,4,,0.0
1160,1160,591682,5,473173,31536000,2644.97,,,,,,,1,4,,0.0
1161,1161,591682,5,620120,31536000,6090.91,,,,,,,1,4,,0.0
1162,1162,591682,5,575030,31536000,4091.49,,,,,,,1,4,,0.0
1163,1163,591682,5,621924,31536000,137.73,,,,,,,1,4,,0.0
1164,1164,632150,5,630626,31536000,4811.33,,,,,,,1,4,,0.0
1165,1165,510031,5,632150,31536000,489.09,,,,,,,4,1,,0.0
1166,1166,552988,5,632150,31536000,28528.2,,,,,,,4,1,,0.0
1167,1167,632150,5,527449,31536000,303.25,,,,,,,1,4,,0.0
1168,1168,632150,5,459381,31536000,790.06,,,,,,,1,4,,0.0
1169,1169,632150,5,595298,31536000,1224.3,,,,,,,1,4,,0.0
1170,1170,632150,5,466907,31536000,658.42,,,,,,,1,4,,0.0
1171,1171,632150,5,589943,31536000,2231.39,,,,,,,1,4,,0.0
1172,1172,632150,5,523927,31536000,1608.67,,,,,,,1,4,,0.0
1173,1173,632150,5,580426,31536000,915.47,,,,,,,1,4,,0.0
1174,1174,632150,5,595581,31536000,1996.2,,,,,,,1,4,,0.0
1175,1175,632150,5,616315,31536000,1118.52,,,,,,,1,4,,0.0
1176,1176,632150,5,503701,31536000,822.59,,,,,,,1,4,,0.0
1177,1177,632150,5,473173,31536000,1302.15,,,,,,,1,4,,0.0
1178,1178,632150,5,620120,31536000,3720.79,,,,,,,1,4,,0.0
1179,1179,632150,5,621924,31536000,803.32,,,,,,,1,4,,0.0
1180,1180,616050,5,630626,31536000,6218.94,,,,,,,1,4,0.0,60.78286641270567
1181,1181,616050,5,536346,31536000,540.85,,,,,,,1,4,0.0,60.78286641270567
1182,1182,510031,5,616050,31536000,637.05,,,,,,,4,1,,0.0
1183,1183,552988,5,616050,31536000,43606.4,,,,,,,4,1,,0.0
1184,1184,616050,5,567195,31536000,9865.87,,,,,,,1,4,0.0,60.78286641270567
1185,1185,616050,5,527449,31536000,142.08,,,,,,,1,4,0.0,60.78286641270567
1186,1186,616050,5,459381,31536000,510.26,,,,,,,1,4,0.0,60.78286641270567
1187,1187,616050,5,595298,31536000,3407.94,,,,,,,1,4,0.0,60.78286641270567
1188,1188,616050,5,466907,31536000,824.91,,,,,,,1,4,0.0,60.78286641270567
1189,1189,616050,5,589943,31536000,2521.46,,,,,,,1,4,0.0,60.78286641270567
1190,1190,616050,5,523927,31536000,1136.81,,,,,,,1,4,0.0,60.78286641270567
1191,1191,616050,5,595581,31536000,4913.07,,,,,,,1,4,0.0,60.78286641270567
1192,1192,616050,5,503701,31536000,2707.57,,,,,,,1,4,0.0,60.78286641270567
1193,1193,616050,5,644226,31536000,1036.27,,,,,,,1,4,0.0,60.78286641270567
1194,1194,616050,5,632961,31536000,360.95,,,,,,,1,4,0.0,60.78286641270567
1195,1195,616050,5,473173,31536000,821.76,,,,,,,1,4,0.0,60.78286641270567
1196,1196,616050,5,620120,31536000,8076.13,,,,,,,1,4,0.0,60.78286641270567
1197,1197,616050,5,575030,31536000,7832.08,,,,,,,1,4,0.0,60.78286641270567
1198,1198,616050,5,621924,31536000,1670.72,,,,,,,1,4,0.0,60.78286641270567
1199,1199,533140,5,630626,31536000,3150.22,,,,,,,1,4,,0.0
1200,1200,510031,5,533140,31536000,235.04,,,,,,,4,1,,0.0
1201,1201,552988,5,533140,31536000,14701.4,,,,,,,4,1,,0.0
1202,1202,533140,5,567195,31536000,534.56,,,,,,,1,4,,0.0
1203,1203,533140,5,527449,31536000,96.46,,,,,,,1,4,,0.0
1204,1204,533140,5,459381,31536000,279.66,,,,,,,1,4,,0.0
1205,1205,533140,5,595298,31536000,1314.31,,,,,,,1,4,,0.0
1206,1206,533140,5,466907,31536000,507.01,,,,,,,1,4,,0.0
1207,1207,533140,5,577992,31536000,530.6,,,,,,,1,4,,0.0
1208,1208,533140,5,537281,31536000,497.08,,,,,,,1,4,,0.0
1209,1209,533140,5,616315,31536000,239.94,,,,,,,1,4,,0.0
1210,1210,533140,5,642329,31536000,1131.24,,,,,,,1,4,,0.0
1211,1211,533140,5,503701,31536000,1741.49,,,,,,,1,4,,0.0
1212,1212,533140,5,571970,31536000,85.16,,,,,,,1,4,,0.0
1213,1213,533140,5,632961,31536000,290.73,,,,,,,1,4,,0.0
1214,1214,533140,5,473173,31536000,1516.94,,,,,,,1,4,,0.0
1215,1215,533140,5,620120,31536000,333.78,,,,,,,1,4,,0.0
